1.921079, -0.402924, 0.012140
1.911778, -0.403339, 0.009149
1.875876, -0.403614, 0.005598
1.818875, -0.402192, 0.006107
1.798539, -0.403704, 0.007572
1.769284, -0.403633, 0.008289
1.776340, -0.407198, 0.008512
1.823899, -0.403607, 0.007068
1.820022, -0.404307, 0.007271
1.834422, -0.405770, 0.008582
1.825300, -0.405122, 0.005843
1.853026, -0.408560, 0.006792
1.853663, -0.406437, 0.009035
1.860042, -0.407734, 0.008309
1.871705, -0.411214, 0.009478
1.875695, -0.415946, 0.008346
1.894199, -0.416425, 0.008266
1.884386, -0.412331, 0.006651
1.858508, -0.412297, 0.002679
1.824902, -0.417761, 0.000384
1.806370, -0.416696, 0.001080
1.848583, -0.417373, -0.000919
1.883049, -0.419340, -0.003891
1.861020, -0.419247, -0.005997
1.875206, -0.420166, -0.007899
1.893882, -0.420007, -0.008546
1.907675, -0.419575, -0.010785
1.914471, -0.420278, -0.009847
1.941300, -0.420100, -0.011273
1.930993, -0.417780, -0.012123
1.963735, -0.415116, -0.012168
1.994264, -0.410317, -0.013503
2.065280, -0.412600, -0.013251
2.061053, -0.413576, -0.012549
2.064791, -0.416920, -0.011866
2.090296, -0.415286, -0.012747
2.110606, -0.419845, -0.011406
2.124529, -0.418084, -0.013960
2.163299, -0.415355, -0.014894
2.177600, -0.416578, -0.016485
2.162798, -0.416690, -0.016386
2.204192, -0.416491, -0.018832
2.220142, -0.417205, -0.019251
2.244002, -0.417199, -0.020020
2.257993, -0.417121, -0.020888
2.278265, -0.420135, -0.021472
2.299014, -0.426280, -0.017923
2.308743, -0.425735, -0.016513
2.330508, -0.427374, -0.015585
2.355724, -0.430405, -0.015712
2.388830, -0.431877, -0.012483
2.431530, -0.433234, -0.010830
2.444606, -0.434594, -0.011358
2.475734, -0.436424, -0.005417
2.485560, -0.437217, -0.006679
2.513889, -0.434539, -0.005365
2.536160, -0.430003, -0.014451
2.553875, -0.425710, -0.015985
2.587612, -0.425161, -0.014375
2.599038, -0.426818, -0.014692
2.626640, -0.428289, -0.013381
2.654581, -0.424182, -0.016568
2.674572, -0.426264, -0.011468
2.698603, -0.430799, -0.015124
2.717351, -0.434453, -0.012202
2.735598, -0.435475, -0.013510
2.751596, -0.435388, -0.016899
2.754991, -0.435465, -0.016448
2.786237, -0.436473, -0.015196
2.809012, -0.441312, -0.016737
2.809482, -0.444978, -0.016064
2.808790, -0.443839, -0.017315
2.803844, -0.443813, -0.017049
2.830862, -0.441542, -0.017735
2.831906, -0.443826, -0.019290
2.810370, -0.448555, -0.017682
2.810284, -0.449042, -0.018147
2.771845, -0.454576, -0.016767
2.760136, -0.455868, -0.016726
2.779031, -0.453846, -0.015940
2.796727, -0.456201, -0.015603
2.811603, -0.462437, -0.013062
2.802257, -0.464982, -0.012479
2.791710, -0.463993, -0.012836
2.775523, -0.464028, -0.013433
2.730505, -0.469747, -0.011404
2.752525, -0.470968, -0.011843
2.765241, -0.471445, -0.010936
2.732744, -0.471602, -0.012477
2.703419, -0.471899, -0.014743
2.696182, -0.473378, -0.013812
2.669933, -0.474490, -0.014100
2.687803, -0.473821, -0.017342
2.707544, -0.477575, -0.019736
2.710652, -0.479549, -0.021552
2.756646, -0.482124, -0.022377
2.746842, -0.487097, -0.021072
2.755630, -0.488044, -0.020526
2.781699, -0.487290, -0.021990
2.823927, -0.490229, -0.023278
2.860659, -0.495228, -0.020515
2.842496, -0.497409, -0.022903
2.864449, -0.497116, -0.024586
2.900330, -0.499314, -0.022753
2.911450, -0.498063, -0.023037
2.910006, -0.500674, -0.023530
2.945168, -0.504685, -0.021322
2.950828, -0.505496, -0.019965
2.974158, -0.504496, -0.021508
2.981246, -0.507512, -0.019762
2.982752, -0.508802, -0.019278
3.062128, -0.503604, -0.032798
3.187963, -0.499041, -0.034835
3.280402, -0.492968, -0.038705
3.386117, -0.495271, -0.040339
3.473658, -0.497456, -0.041031
3.531991, -0.499552, -0.039130
3.610323, -0.506564, -0.039236
3.665770, -0.509258, -0.039837
3.702114, -0.514230, -0.039044
3.789810, -0.522159, -0.033703
3.879353, -0.526940, -0.033988
3.975890, -0.533066, -0.030807
4.058710, -0.536956, -0.031649
4.138377, -0.539894, -0.030504
4.197667, -0.543388, -0.027694
4.250973, -0.548241, -0.027722
4.306346, -0.546227, -0.028661
4.350643, -0.547408, -0.027862
4.388601, -0.550046, -0.024647
4.420163, -0.552743, -0.025491
4.456162, -0.551268, -0.025794
4.492050, -0.550354, -0.023449
4.526960, -0.552467, -0.024505
4.549814, -0.553543, -0.024881
4.570718, -0.555657, -0.021210
4.589550, -0.555208, -0.023902
4.605630, -0.552354, -0.025107
4.619270, -0.556395, -0.024031
4.649065, -0.558102, -0.024577
4.663582, -0.558942, -0.024672
4.687033, -0.558008, -0.022774
4.709007, -0.562989, -0.022574
4.739150, -0.565030, -0.025109
4.775143, -0.569448, -0.024537
4.798602, -0.569509, -0.024166
4.827646, -0.572758, -0.023455
4.850196, -0.576636, -0.023673
4.892466, -0.577364, -0.026140
4.936223, -0.579643, -0.023465
4.967743, -0.584024, -0.022019
5.011157, -0.588141, -0.022770
5.054508, -0.596172, -0.023430
5.086349, -0.601243, -0.021373
5.095606, -0.604292, -0.028590
5.109292, -0.606634, -0.029011
5.145195, -0.612748, -0.028436
5.152805, -0.614685, -0.027835
5.154717, -0.616771, -0.028728
5.160620, -0.620698, -0.029341
5.163472, -0.623097, -0.029508
5.177631, -0.627802, -0.027266
5.178532, -0.635156, -0.028509
5.183867, -0.638489, -0.028862
5.174102, -0.644054, -0.025966
5.174599, -0.645947, -0.028308
5.165682, -0.645526, -0.033410
5.180529, -0.653481, -0.025273
5.199643, -0.655314, -0.025982
5.221107, -0.660220, -0.025630
5.232926, -0.660049, -0.026247
5.241161, -0.664643, -0.024862
5.257030, -0.669299, -0.022416
5.293051, -0.669810, -0.022758
5.312255, -0.675506, -0.020827
5.339995, -0.680189, -0.020102
5.408333, -0.675702, -0.036059
5.467416, -0.675275, -0.033323
5.525395, -0.679737, -0.031592
5.583448, -0.685787, -0.028566
5.635528, -0.690329, -0.027247
5.680845, -0.694494, -0.023278
5.732586, -0.698556, -0.019771
5.771733, -0.696340, -0.022411
5.803694, -0.692111, -0.020572
5.845031, -0.692355, -0.021171
5.842811, -0.695100, -0.023468
5.849237, -0.696054, -0.023443
5.856947, -0.697779, -0.022610
5.862573, -0.697336, -0.021418
5.880849, -0.699328, -0.020439
5.894693, -0.700864, -0.020264
5.911351, -0.704197, -0.021414
5.934702, -0.707650, -0.019085
5.947860, -0.710285, -0.017788
5.956685, -0.711428, -0.019041
5.964347, -0.719784, -0.014722
5.979104, -0.724680, -0.013177
5.989301, -0.730982, -0.011289
6.005330, -0.733975, -0.012014
6.027567, -0.737500, -0.010445
6.046716, -0.741822, -0.008314
6.067830, -0.742525, -0.010245
6.094552, -0.743917, -0.012254
6.122407, -0.746261, -0.010856
6.152462, -0.748866, -0.010433
6.182402, -0.752938, -0.009573
6.208565, -0.758235, -0.006847
6.214534, -0.757210, -0.025903
6.232216, -0.754520, -0.024896
6.245099, -0.751355, -0.026667
6.264800, -0.751904, -0.024987
6.275415, -0.752265, -0.026921
6.286885, -0.752249, -0.023802
6.291169, -0.751328, -0.026921
6.305019, -0.753580, -0.023177
6.334205, -0.752163, -0.023185
6.352327, -0.751608, -0.021464
6.371954, -0.746300, -0.024385
6.401199, -0.743307, -0.026908
6.417141, -0.743915, -0.025808
6.454174, -0.742564, -0.026544
6.471929, -0.743904, -0.024626
6.497103, -0.747616, -0.022549
6.523698, -0.749223, -0.021519
6.552941, -0.746585, -0.022379
6.580006, -0.742292, -0.020451
6.608092, -0.746395, 0.003345
6.629682, -0.746034, 0.005451
6.651315, -0.745069, 0.016148
6.663889, -0.743217, 0.003112
6.677853, -0.739892, 0.000621
6.685335, -0.729334, 0.003574
6.693811, -0.727412, 0.005333
6.708941, -0.723275, 0.014424
6.730374, -0.726076, 0.025318
6.747696, -0.726608, 0.031932
6.764322, -0.727283, 0.036181
6.782539, -0.725153, 0.037847
6.818315, -0.729694, 0.035093
6.880299, -0.727832, 0.024027
6.919341, -0.731330, 0.024781
6.944000, -0.732097, 0.025255
6.967699, -0.733951, 0.033839
6.999905, -0.729280, 0.029159
7.027061, -0.730732, 0.032010
7.047839, -0.734670, 0.038212
7.058745, -0.737268, 0.055516
7.074836, -0.738349, 0.057453
7.094094, -0.739173, 0.050526
7.156036, -0.733618, 0.016681
7.190146, -0.735815, 0.016844
7.220756, -0.738291, 0.018746
7.242600, -0.735481, 0.015930
7.263394, -0.739075, 0.017602
7.282766, -0.741010, 0.018284
7.298747, -0.740447, 0.014408
7.304559, -0.739051, 0.014636
7.315145, -0.741859, 0.016254
7.327146, -0.743608, 0.018664
7.357563, -0.748018, 0.015534
7.402658, -0.753027, 0.009707
7.438242, -0.761530, 0.019709
7.462974, -0.758652, 0.021381
7.482124, -0.759530, 0.023451
7.493239, -0.760044, 0.022589
7.504061, -0.763270, 0.024173
7.518398, -0.760552, 0.022981
7.528361, -0.759619, 0.023839
7.587380, -0.764440, 0.009224
7.630495, -0.771125, 0.015346
7.660815, -0.772321, 0.019974
7.685767, -0.773431, 0.024291
7.703537, -0.774138, 0.030026
7.734121, -0.772949, 0.035177
7.757880, -0.764129, 0.036279
7.795972, -0.764224, 0.033111
7.817015, -0.761420, 0.031443
7.861498, -0.765530, 0.024915
7.884523, -0.766330, 0.027350
7.900242, -0.765691, 0.028093
7.919758, -0.765185, 0.026591
7.930932, -0.761291, 0.022961
7.939586, -0.762177, 0.016137
7.983228, -0.763915, 0.008372
8.005602, -0.762152, 0.011695
8.022207, -0.756654, 0.011431
8.034674, -0.756048, 0.014675
8.051469, -0.760059, 0.015944
8.061668, -0.762762, 0.016968
8.104704, -0.772126, 0.005944
8.136888, -0.777739, 0.015721
8.161322, -0.769463, 0.019050
8.176694, -0.764215, 0.016689
8.188876, -0.761580, 0.015218
8.203448, -0.767423, 0.015808
8.249433, -0.772649, 0.003057
8.279196, -0.780216, 0.005671
8.301429, -0.779823, 0.013449
8.323630, -0.780626, 0.012229
8.350204, -0.784093, 0.010541
8.396888, -0.776489, 0.002969
8.422214, -0.776988, 0.001946
8.425879, -0.774217, 0.010853
8.430421, -0.774081, 0.009760
8.451176, -0.763391, 0.004396
8.460715, -0.760677, 0.006806
8.468750, -0.758529, 0.000654
8.471460, -0.756395, -0.000320
8.486555, -0.749200, 0.005022
8.498629, -0.741872, -0.001488
8.511959, -0.738901, 0.002890
8.535078, -0.738953, 0.010175
8.574601, -0.736937, 0.017387
8.609441, -0.731411, 0.032707
8.640095, -0.724540, 0.039679
8.652097, -0.718046, 0.042617
8.692991, -0.712861, 0.072310
8.728033, -0.707272, 0.084480
8.754977, -0.696671, 0.083879
8.786350, -0.691059, 0.072418
8.837071, -0.687972, 0.079682
8.867412, -0.679016, 0.081362
8.902017, -0.667689, 0.092186
8.950786, -0.662335, 0.105288
8.987028, -0.648238, 0.101069
9.020723, -0.631698, 0.104102
9.055851, -0.622128, 0.110045
9.080211, -0.614013, 0.111035
9.113280, -0.609944, 0.117218
9.135397, -0.611823, 0.117527
9.155658, -0.607929, 0.119258
9.172764, -0.602770, 0.126068
9.188875, -0.589212, 0.130515
9.205439, -0.577685, 0.129794
9.220422, -0.573095, 0.132483
9.243262, -0.566381, 0.140384
9.274519, -0.565687, 0.153787
9.293613, -0.559857, 0.154062
9.319386, -0.547544, 0.160730
9.341667, -0.531942, 0.162923
9.365962, -0.518589, 0.159174
9.388831, -0.521898, 0.168749
9.419648, -0.520752, 0.185600
9.441491, -0.517366, 0.190664
9.455173, -0.508180, 0.196538
9.480870, -0.497598, 0.208628
9.509491, -0.492846, 0.219613
9.537521, -0.478606, 0.233346
9.563035, -0.463425, 0.244991
9.586599, -0.456130, 0.268863
9.616632, -0.445998, 0.282778
9.644673, -0.436140, 0.289134
9.677766, -0.411180, 0.307742
9.700806, -0.404887, 0.330728
9.719759, -0.401399, 0.344819
9.739456, -0.386765, 0.365983
9.761262, -0.378852, 0.377539
9.780025, -0.377855, 0.395716
9.809445, -0.362556, 0.408643
9.820878, -0.350316, 0.408578
9.850974, -0.338937, 0.435912
9.867414, -0.327525, 0.439514
9.886190, -0.317116, 0.455273
9.914316, -0.311671, 0.487895
9.936902, -0.306073, 0.494920
9.954459, -0.295466, 0.516384
9.980817, -0.283837, 0.537955
9.999977, -0.269243, 0.539530
10.028375, -0.250218, 0.547888
10.042858, -0.232446, 0.570504
10.065207, -0.223311, 0.597844
10.064446, -0.197125, 0.594037
10.081398, -0.172452, 0.607372
10.087380, -0.159893, 0.623351
10.102962, -0.141880, 0.639792
10.112777, -0.116013, 0.658084
10.134507, -0.100900, 0.686025
10.149040, -0.078196, 0.687200
10.169388, -0.058152, 0.711245
10.182900, -0.035570, 0.722308
10.203553, -0.010695, 0.736717
10.233247, 0.002961, 0.768628
10.245055, 0.019023, 0.776704
10.260698, 0.037429, 0.809184
10.300075, 0.055625, 0.825976
10.298506, 0.075115, 0.832386
10.291639, 0.097287, 0.828604
10.302067, 0.114289, 0.859986
10.315244, 0.142163, 0.868846
10.319327, 0.165736, 0.895967
10.311580, 0.186105, 0.902969
10.331203, 0.203590, 0.918733
10.347395, 0.230524, 0.937511
10.356380, 0.247197, 0.964422
10.355404, 0.269039, 0.982403
10.361979, 0.294904, 0.991873
10.368722, 0.313629, 0.999994
10.382506, 0.345462, 1.005432
10.403032, 0.363681, 1.028568
10.403006, 0.385571, 1.043380
10.393862, 0.410885, 1.073220
10.382917, 0.435484, 1.075600
10.407957, 0.464263, 1.097873
10.432495, 0.497921, 1.112983
10.438567, 0.524257, 1.120958
10.428596, 0.551382, 1.125192
10.430692, 0.569541, 1.164785
10.449027, 0.596505, 1.179305
10.459182, 0.621157, 1.192678
10.468418, 0.649807, 1.193828
10.475109, 0.675626, 1.203003
10.464472, 0.699288, 1.199376
10.467553, 0.731244, 1.218011
10.463400, 0.762893, 1.253161
10.483607, 0.794154, 1.255228
10.477585, 0.834443, 1.274195
10.492624, 0.873873, 1.294791
10.489974, 0.898721, 1.291869
10.477216, 0.916759, 1.306314
10.498804, 0.957562, 1.362377
10.508334, 0.998480, 1.373847
10.505145, 1.023708, 1.371948
10.490502, 1.045440, 1.377083
10.471267, 1.077799, 1.391457
10.470105, 1.104110, 1.429501
10.477218, 1.131732, 1.440361
10.481413, 1.154740, 1.450863
10.451661, 1.178349, 1.466517
10.470308, 1.202498, 1.514166
10.479453, 1.216204, 1.517811
10.477720, 1.228938, 1.522031
10.456559, 1.246371, 1.522133
10.432644, 1.275198, 1.539223
10.438859, 1.290892, 1.571511
10.443137, 1.314739, 1.592992
10.416893, 1.341207, 1.599696
10.408898, 1.366967, 1.608298
10.393876, 1.402957, 1.623344
10.409176, 1.424187, 1.667058
10.401272, 1.443711, 1.675305
10.389563, 1.474012, 1.685903
10.386507, 1.500572, 1.719567
10.375717, 1.521629, 1.739397
10.362918, 1.545716, 1.749382
10.338208, 1.579563, 1.772735
10.332693, 1.599373, 1.798605
10.328244, 1.622391, 1.817984
10.306724, 1.648686, 1.830593
10.292742, 1.673030, 1.835884
10.274934, 1.699766, 1.835445
10.286432, 1.716216, 1.882312
10.288205, 1.729980, 1.889043
10.268610, 1.752668, 1.889973
10.260604, 1.767612, 1.894681
10.250483, 1.793900, 1.895561
10.237908, 1.811884, 1.897536
10.225678, 1.825480, 1.895906
10.214516, 1.838495, 1.895520
10.215590, 1.856801, 1.899460
10.216075, 1.886819, 1.907761
10.203386, 1.909477, 1.906983
10.188210, 1.927000, 1.904142
10.170099, 1.945964, 1.897659
10.168886, 1.963392, 1.916338
10.169860, 1.977162, 1.915273
10.160635, 1.991329, 1.916298
10.140286, 1.997514, 1.913450
10.123285, 2.004237, 1.910745
10.094582, 2.027119, 1.907592
10.078798, 2.043111, 1.904846
10.053041, 2.053716, 1.899038
10.031018, 2.074760, 1.898570
10.022087, 2.106472, 1.898088
10.022979, 2.140879, 1.898082
10.023254, 2.179956, 1.902239
10.026030, 2.214913, 1.904731
10.010164, 2.237586, 1.901078
10.003329, 2.282990, 1.905068
9.989640, 2.325932, 1.908095
9.989308, 2.360962, 1.921349
9.983206, 2.392542, 1.925562
9.978019, 2.418962, 1.924804
9.971671, 2.444123, 1.922690
9.950032, 2.466012, 1.921631
9.934178, 2.489826, 1.919997
9.937539, 2.502601, 1.922774
9.930603, 2.522350, 1.924609
9.919939, 2.534770, 1.923000
9.915158, 2.547608, 1.917771
9.884704, 2.604416, 1.892463
9.872107, 2.656822, 1.887772
9.868207, 2.702470, 1.886004
9.863898, 2.739848, 1.881836
9.865826, 2.772655, 1.881772
9.864043, 2.797958, 1.879294
9.865688, 2.817909, 1.879577
9.874136, 2.845868, 1.878960
9.874882, 2.877692, 1.878893
9.872479, 2.896112, 1.877872
9.872964, 2.911720, 1.875985
9.872784, 2.928912, 1.873799
9.874636, 2.947477, 1.873009
9.879095, 2.971751, 1.861069
9.879289, 3.006082, 1.853529
9.861591, 3.036567, 1.830816
9.847560, 3.077139, 1.817701
9.831037, 3.103287, 1.805540
9.829760, 3.129612, 1.805218
9.830386, 3.145397, 1.800449
9.824434, 3.162580, 1.798215
9.823202, 3.185144, 1.795942
9.823206, 3.202662, 1.793297
9.822755, 3.221885, 1.784281
9.830885, 3.253331, 1.778530
9.831892, 3.280753, 1.777857
9.829063, 3.303408, 1.773304
9.819979, 3.340480, 1.753654
9.817947, 3.372965, 1.752118
9.819886, 3.410092, 1.752156
9.822350, 3.441259, 1.754390
9.822093, 3.470310, 1.755250
9.814596, 3.490199, 1.751916
9.813348, 3.523325, 1.751886
9.816380, 3.555665, 1.752554
9.811959, 3.578371, 1.726598
9.803704, 3.602647, 1.721112
9.806850, 3.626092, 1.718680
9.803044, 3.650343, 1.716671
9.801425, 3.668280, 1.713427
9.798241, 3.690032, 1.709830
9.788113, 3.704041, 1.704389
9.787998, 3.711448, 1.701345
9.782086, 3.732792, 1.702188
9.782625, 3.754283, 1.705291
9.784685, 3.764650, 1.705396
9.779201, 3.785759, 1.686313
9.769891, 3.802727, 1.685612
9.759081, 3.824302, 1.683252
9.749872, 3.844125, 1.680904
9.745220, 3.873684, 1.680903
9.747281, 3.893636, 1.681199
9.749382, 3.927564, 1.682041
9.752721, 3.957890, 1.683403
9.749652, 3.992562, 1.678696
9.751437, 4.025899, 1.675737
9.753123, 4.061115, 1.673999
9.748676, 4.087155, 1.669129
9.756202, 4.106750, 1.664957
9.759489, 4.118621, 1.665483
9.770742, 4.142558, 1.655763
9.767720, 4.175876, 1.631329
9.770422, 4.208832, 1.631348
9.780107, 4.237943, 1.625697
9.776969, 4.249027, 1.604638
9.777858, 4.261939, 1.604816
9.787157, 4.284586, 1.590743
9.787493, 4.304396, 1.592596
9.789435, 4.335782, 1.569977
9.802122, 4.368191, 1.571066
9.805307, 4.401041, 1.571944
9.811907, 4.431313, 1.574153
9.814209, 4.458232, 1.577472
9.816235, 4.481903, 1.573700
9.820997, 4.513587, 1.570351
9.829893, 4.543673, 1.574804
9.821534, 4.572635, 1.572534
9.824615, 4.598671, 1.575383
9.825730, 4.626526, 1.575730
9.826107, 4.654697, 1.574652
9.828489, 4.678582, 1.576300
9.831947, 4.701571, 1.576245
9.843244, 4.733026, 1.569642
9.850377, 4.759837, 1.571761
9.846875, 4.793630, 1.549377
9.845762, 4.822629, 1.546185
9.853126, 4.850783, 1.549158
9.862211, 4.882170, 1.541818
9.860398, 4.917890, 1.541196
9.867710, 4.955803, 1.547525
9.872062, 4.986915, 1.548985
9.878393, 5.019539, 1.555217
9.878323, 5.043332, 1.526271
9.877595, 5.065258, 1.525790
9.873686, 5.096177, 1.495772
9.868597, 5.124020, 1.492361
9.877021, 5.148605, 1.494822
9.883159, 5.174726, 1.492801
9.886073, 5.202782, 1.493434
9.891363, 5.229003, 1.492736
9.901545, 5.259382, 1.494164
9.914136, 5.280700, 1.495842
9.914482, 5.312194, 1.471148
9.923045, 5.345202, 1.470377
9.933426, 5.377493, 1.475042
9.940390, 5.414538, 1.479605
9.944775, 5.452393, 1.483132
9.950721, 5.479190, 1.485836
9.958965, 5.510117, 1.487558
9.963039, 5.541573, 1.488689
9.972261, 5.572188, 1.492437
9.977148, 5.597321, 1.495537
9.973030, 5.621777, 1.501901
9.981511, 5.646550, 1.501557
9.980289, 5.680622, 1.479673
9.981878, 5.716733, 1.477428
9.985132, 5.751697, 1.478325
9.993295, 5.784785, 1.483838
10.001390, 5.822251, 1.486954
9.998128, 5.846362, 1.486508
10.006494, 5.868208, 1.490645
10.014457, 5.896495, 1.494589
10.017137, 5.916504, 1.496733
10.024093, 5.943751, 1.500580
10.028995, 5.983931, 1.472458
10.034927, 6.018994, 1.477976
10.038809, 6.054926, 1.484167
10.044876, 6.087065, 1.486201
10.042656, 6.116745, 1.485889
10.048640, 6.139329, 1.491475
10.057396, 6.165116, 1.496429
10.062453, 6.191522, 1.499529
10.064402, 6.221519, 1.494358
10.065558, 6.258544, 1.471999
10.078553, 6.301049, 1.484045
10.080808, 6.333032, 1.487817
10.083439, 6.364390, 1.493117
10.090068, 6.388636, 1.498175
10.096845, 6.406742, 1.503248
10.095576, 6.445526, 1.473196
10.098732, 6.483287, 1.482564
10.099182, 6.516386, 1.488508
10.099538, 6.544699, 1.493565
10.105860, 6.572328, 1.499539
10.107149, 6.598279, 1.502178
10.113077, 6.619430, 1.506484
10.123689, 6.658151, 1.479531
10.130865, 6.695676, 1.491838
10.128842, 6.724676, 1.496280
10.130623, 6.752625, 1.496993
10.131431, 6.780372, 1.494219
10.135267, 6.815204, 1.474523
10.138546, 6.844525, 1.477352
10.138667, 6.876729, 1.485133
10.142032, 6.903808, 1.488310
10.150258, 6.941616, 1.463540
10.157901, 6.974574, 1.477514
10.160507, 7.002057, 1.478749
10.159206, 7.027053, 1.482004
10.157682, 7.061604, 1.455476
10.159202, 7.089100, 1.460309
10.165368, 7.114633, 1.486181
10.161394, 7.136017, 1.467390
10.162499, 7.153958, 1.471961
10.162781, 7.179973, 1.441049
10.162165, 7.202905, 1.448019
10.163955, 7.219339, 1.450740
10.163813, 7.234245, 1.447463
10.168637, 7.264898, 1.428352
10.171545, 7.286217, 1.434938
10.172781, 7.307378, 1.439081
10.172894, 7.328849, 1.439756
10.169622, 7.342213, 1.440280
10.174782, 7.361561, 1.436774
10.183087, 7.376013, 1.436299
10.185347, 7.390365, 1.439011
10.186640, 7.404935, 1.436716
10.187782, 7.423435, 1.436850
10.192912, 7.441157, 1.434512
10.189004, 7.458683, 1.432579
10.194358, 7.478662, 1.425733
10.194836, 7.493086, 1.423733
10.207546, 7.533252, 1.419207
10.218570, 7.567575, 1.424830
10.228363, 7.591122, 1.431507
10.229226, 7.611859, 1.437559
10.221824, 7.629020, 1.441735
10.219739, 7.642540, 1.442568
10.211827, 7.665189, 1.435910
10.213226, 7.683836, 1.439974
10.217705, 7.701175, 1.447747
10.219838, 7.720651, 1.454020
10.218471, 7.735252, 1.455318
10.216396, 7.751500, 1.455531
10.226454, 7.766615, 1.471423
10.230542, 7.793721, 1.486992
10.232162, 7.813478, 1.492709
10.227412, 7.837770, 1.482481
10.231050, 7.857956, 1.491875
10.227166, 7.887882, 1.515569
10.220127, 7.913801, 1.524446
10.220828, 7.943200, 1.537625
10.218850, 7.964172, 1.530487
10.212917, 7.980794, 1.538069
10.214210, 7.999311, 1.547025
10.210589, 8.020807, 1.562552
10.209350, 8.050116, 1.587289
10.208483, 8.080837, 1.601326
10.200986, 8.104202, 1.584170
10.206757, 8.149136, 1.620861
10.206198, 8.164838, 1.639912
10.197014, 8.173156, 1.642085
10.189240, 8.178154, 1.641874
10.195906, 8.187751, 1.665518
10.188272, 8.202760, 1.692534
10.182696, 8.218110, 1.698961
10.182488, 8.234730, 1.725710
10.169275, 8.269974, 1.750767
10.165535, 8.283008, 1.784335
10.161693, 8.295282, 1.804582
10.146234, 8.304093, 1.801168
10.130790, 8.310171, 1.820403
10.121507, 8.333063, 1.848283
10.113204, 8.360180, 1.873152
10.106828, 8.381834, 1.876703
10.092316, 8.401068, 1.898794
10.074043, 8.417030, 1.917441
10.062890, 8.432388, 1.932785
10.036368, 8.448166, 1.955020
10.024496, 8.465715, 1.978099
10.007017, 8.480648, 1.994803
9.992187, 8.501644, 2.006953
9.974618, 8.519441, 2.030094
9.964472, 8.538076, 2.039870
9.945255, 8.555241, 2.052903
9.924703, 8.574512, 2.071052
9.909670, 8.593575, 2.075223
9.902452, 8.605048, 2.080584
9.880125, 8.622528, 2.105523
9.863576, 8.645304, 2.117893
9.841964, 8.658624, 2.120321
9.824521, 8.676108, 2.139932
9.812208, 8.690222, 2.147254
9.809095, 8.705393, 2.165467
9.793574, 8.719685, 2.165571
9.780787, 8.735756, 2.182434
9.768540, 8.751896, 2.193264
9.750934, 8.768463, 2.207021
9.735287, 8.785613, 2.219543
9.712568, 8.806915, 2.235358
9.700743, 8.825868, 2.242273
9.689197, 8.855279, 2.266025
9.678957, 8.867938, 2.273788
9.675321, 8.877507, 2.278294
9.674960, 8.884034, 2.281202
9.663066, 8.902277, 2.298908
9.663527, 8.920285, 2.303858
9.649396, 8.940264, 2.327089
9.631167, 8.962836, 2.352108
9.630139, 8.982651, 2.364320
9.630250, 8.992169, 2.370875
9.618433, 9.008207, 2.388275
9.612277, 9.023852, 2.398654
9.600428, 9.037664, 2.406375
9.585625, 9.054739, 2.423535
9.583292, 9.071014, 2.439019
9.574496, 9.083779, 2.459536
9.552788, 9.092153, 2.470965
9.532810, 9.104642, 2.494800
9.493614, 9.115589, 2.501386
9.472330, 9.124761, 2.528931
9.448985, 9.143821, 2.555670
9.402985, 9.160899, 2.567964
9.331735, 9.188911, 2.594410
9.261064, 9.214385, 2.620611
9.221897, 9.232494, 2.637231
9.212094, 9.243117, 2.660901
9.180601, 9.259861, 2.677705
9.169704, 9.264965, 2.689722
9.153657, 9.264372, 2.707963
9.133906, 9.259334, 2.715875
9.112595, 9.259758, 2.725983
9.068905, 9.259803, 2.738902
9.016512, 9.263797, 2.755653
8.967334, 9.265470, 2.769089
8.915075, 9.269147, 2.787685
8.876020, 9.272459, 2.792863
8.829232, 9.275021, 2.806966
8.787096, 9.279517, 2.819519
8.744984, 9.284793, 2.831175
8.699506, 9.282541, 2.850903
8.650479, 9.285527, 2.864991
8.599256, 9.288989, 2.882286
8.549555, 9.291161, 2.901548
8.501186, 9.288798, 2.903943
8.442513, 9.292307, 2.926778
8.388327, 9.293045, 2.946561
8.324555, 9.297158, 2.965604
8.269908, 9.299589, 2.973201
8.192744, 9.301620, 2.994377
8.123164, 9.302164, 3.005462
8.081133, 9.302656, 3.029260
8.093115, 9.304288, 3.051066
8.042716, 9.302116, 3.065086
8.053378, 9.303662, 3.090546
8.004701, 9.301232, 3.096339
7.959768, 9.294523, 3.107813
7.913672, 9.286331, 3.120982
7.867620, 9.279559, 3.130015
7.820135, 9.268672, 3.137605
7.859012, 9.268588, -3.118392
7.808823, 9.250700, -3.116199
7.747776, 9.239717, -3.115282
7.809717, 9.245974, -3.096343
7.758146, 9.235668, -3.112306
7.688382, 9.228299, -3.109212
7.687189, 9.230252, -3.103502
7.633418, 9.221200, -3.104730
7.552814, 9.212198, -3.103775
7.492621, 9.207276, -3.107298
7.527429, 9.220052, -3.094726
7.508096, 9.218443, -3.102004
7.493917, 9.211109, -3.102962
7.573576, 9.216515, -3.105544
7.625072, 9.220135, -3.109155
7.651836, 9.220509, -3.110084
7.608187, 9.215846, -3.118644
7.594662, 9.217284, -3.120626
7.572047, 9.213221, -3.121202
7.572943, 9.208597, -3.130145
7.578275, 9.207201, -3.132011
7.569943, 9.208092, -3.136687
7.569891, 9.211168, -3.137184
7.580726, 9.210420, -3.135675
7.593414, 9.209016, -3.134943
7.625512, 9.208202, -3.137675
7.590428, 9.204666, 3.139699
7.557005, 9.199084, 3.140876
7.509267, 9.197044, 3.140085
7.454509, 9.196470, -3.141575
7.426356, 9.197619, -3.139034
7.397706, 9.198263, -3.140992
7.360010, 9.199072, -3.140626
7.323026, 9.195846, 3.140121
7.288492, 9.195365, -3.139659
7.263453, 9.194661, -3.138805
7.225117, 9.198141, -3.137631
7.201610, 9.198761, -3.137522
7.172178, 9.203002, -3.138421
7.134855, 9.208460, 3.139474
7.093724, 9.209614, 3.140054
7.062635, 9.207608, 3.135923
7.030125, 9.212576, 3.134557
6.988054, 9.217057, 3.133665
6.945783, 9.219373, 3.132229
6.923632, 9.217965, 3.134316
6.882129, 9.219749, 3.135185
6.844663, 9.222781, 3.133693
6.812523, 9.228824, 3.136406
6.772396, 9.226465, 3.138098
6.734423, 9.228816, 3.136707
6.717809, 9.225913, 3.138435
6.683090, 9.227171, 3.141539
6.645855, 9.230970, -3.138394
6.607279, 9.233568, -3.131364
6.567689, 9.232791, -3.124999
6.558914, 9.232569, -3.120654
6.545439, 9.233914, -3.117075
6.491716, 9.233204, -3.113964
6.488262, 9.228203, -3.113227
6.474075, 9.230560, -3.106983
6.443013, 9.229260, -3.104256
6.420315, 9.228172, -3.100084
6.412053, 9.226991, -3.096244
6.383042, 9.226492, -3.091178
6.350668, 9.227101, -3.085899
6.287272, 9.223435, -3.082894
6.235421, 9.222440, -3.079352
6.219507, 9.224866, -3.078810
6.216912, 9.228127, -3.078821
6.176862, 9.234049, -3.078026
6.175697, 9.231963, -3.081126
6.153149, 9.233644, -3.080242
6.132502, 9.234500, -3.080578
6.082910, 9.231671, -3.079632
6.031456, 9.223552, -3.086069
5.969507, 9.223089, -3.084486
5.958386, 9.222767, -3.083891
5.935631, 9.220994, -3.083240
5.910145, 9.216261, -3.077872
5.855769, 9.210643, -3.080528
5.872527, 9.204513, -3.082343
5.850263, 9.198878, -3.086786
5.788572, 9.192158, -3.090469
5.744447, 9.187390, -3.092723
5.713723, 9.186187, -3.095262
5.635157, 9.176645, -3.103330
5.633210, 9.171722, -3.106395
5.572117, 9.172121, -3.107712
5.572185, 9.175007, -3.103075
5.555321, 9.174141, -3.112996
5.513943, 9.174396, -3.114363
5.470091, 9.178369, -3.107617
5.453506, 9.180728, -3.107688
5.439587, 9.181558, -3.109838
5.410124, 9.180318, -3.111653
5.383090, 9.177036, -3.118554
5.305606, 9.173863, -3.121397
5.312548, 9.172937, -3.119218
5.284896, 9.168935, -3.121235
5.269479, 9.173926, -3.117611
5.289929, 9.176559, -3.117615
5.276439, 9.175581, -3.116980
5.258535, 9.173834, -3.118229
5.197154, 9.174125, -3.119224
5.189871, 9.173509, -3.115070
5.150639, 9.172739, -3.103713
5.096476, 9.172715, -3.112778
5.076861, 9.171304, -3.111228
5.019571, 9.170848, -3.099417
4.983474, 9.173228, -3.097638
4.921027, 9.173905, -3.097744
4.855008, 9.172851, -3.102160
4.839173, 9.172529, -3.105567
4.790303, 9.170684, -3.103077
4.792166, 9.169881, -3.098306
4.790915, 9.168641, -3.100872
4.755664, 9.164848, -3.106015
4.740370, 9.163898, -3.105469
4.685822, 9.163297, -3.110482
4.673350, 9.161128, -3.112455
4.653708, 9.159327, -3.115388
4.600759, 9.159324, -3.118349
4.618215, 9.159557, -3.121205
4.624527, 9.162189, -3.123972
4.551674, 9.159020, -3.125342
4.556853, 9.155223, -3.129430
4.510904, 9.157423, -3.131290
4.440894, 9.157430, -3.131224
4.380974, 9.157488, -3.131715
4.339239, 9.159656, -3.132886
4.330078, 9.157969, -3.137639
4.260918, 9.160109, -3.138567
4.217873, 9.160661, -3.138974
4.175833, 9.156118, -3.139826
4.133945, 9.152527, -3.134141
4.102121, 9.148736, -3.134131
4.041825, 9.147444, -3.135721
4.010539, 9.149471, -3.134505
3.965266, 9.152063, -3.133768
3.892017, 9.152927, -3.134294
3.863729, 9.152434, -3.136242
3.809333, 9.155220, -3.133883
3.767550, 9.161056, -3.131408
3.731548, 9.162417, -3.131028
3.672826, 9.166661, -3.125858
3.634109, 9.170384, -3.124609
3.627579, 9.170283, -3.124165
3.609561, 9.171259, -3.122792
3.632616, 9.173999, -3.118973
3.591010, 9.174728, -3.116897
3.599670, 9.171451, -3.119391
3.540900, 9.172005, -3.118664
3.485915, 9.174475, -3.119909
3.453703, 9.177959, -3.117227
3.437376, 9.178735, -3.117510
3.392517, 9.182147, -3.116183
3.329913, 9.183531, -3.114504
3.281664, 9.183309, -3.114683
3.271862, 9.181291, -3.113110
3.247394, 9.182249, -3.112655
3.212005, 9.183432, -3.112951
3.184586, 9.185959, -3.114399
3.125672, 9.183608, -3.115972
3.106289, 9.186521, -3.114854
3.043507, 9.184193, -3.118712
3.064951, 9.184789, -3.120342
2.989764, 9.182440, -3.123729
2.970603, 9.183142, -3.124744
2.952645, 9.183200, -3.126719
2.942654, 9.180519, -3.127892
2.931519, 9.178100, -3.128229
2.891117, 9.175834, -3.133839
2.854485, 9.173533, -3.135716
2.798381, 9.176435, -3.133297
2.767757, 9.173417, -3.135350
2.772719, 9.171158, -3.138852
2.763836, 9.171758, -3.138236
2.720539, 9.167767, -3.137702
2.662141, 9.168212, -3.138817
2.686961, 9.170511, -3.137740
2.639945, 9.169486, -3.139356
2.616243, 9.167845, -3.139966
2.583674, 9.166329, -3.141103
2.522733, 9.168799, 3.140933
2.442384, 9.171148, 3.140656
2.411343, 9.170384, 3.140264
2.400094, 9.176474, 3.140099
2.352253, 9.181013, -3.141232
2.296138, 9.185060, -3.139690
2.262269, 9.184337, -3.141144
2.272355, 9.192976, -3.138031
2.284915, 9.199363, -3.136454
2.274709, 9.203601, -3.134359
2.249291, 9.206618, -3.134317
2.209665, 9.209863, -3.130212
2.175374, 9.209195, -3.131414
2.206905, 9.212871, -3.129847
2.167590, 9.214625, -3.127521
2.137028, 9.217060, -3.125489
2.106588, 9.221349, -3.125564
2.108816, 9.223184, -3.127333
2.086493, 9.224163, -3.123323
2.045819, 9.224593, -3.121458
2.011495, 9.228705, -3.122135
1.989229, 9.230370, -3.122238
1.911095, 9.232902, -3.121198
1.892467, 9.231951, -3.116869
1.920890, 9.232021, -3.113262
1.890679, 9.228829, -3.116626
1.862399, 9.232290, -3.114402
1.846794, 9.233362, -3.112835
1.820703, 9.232077, -3.114557
1.743480, 9.229289, -3.115408
1.650458, 9.225688, -3.115071
1.631899, 9.225042, -3.116912
1.572335, 9.226031, -3.114373
1.523542, 9.231514, -3.112963
1.406233, 9.231456, -3.110353
1.372907, 9.229077, -3.111622
1.303415, 9.228948, -3.115684
1.332259, 9.229895, -3.115276
1.355114, 9.230326, -3.113280
1.352405, 9.224199, -3.116821
1.350019, 9.222466, -3.115936
1.236044, 9.219286, -3.117783
1.176019, 9.217644, -3.117876
1.136952, 9.215487, -3.118149
1.120407, 9.215584, -3.120314
1.074890, 9.216197, -3.118726
1.034746, 9.214000, -3.121819
0.979483, 9.209228, -3.123908
0.953496, 9.208005, -3.126978
0.949229, 9.206725, -3.127314
0.875998, 9.204404, -3.130064
0.809348, 9.204479, -3.130234
0.809095, 9.199057, -3.129806
0.706977, 9.203416, -3.129844
0.626786, 9.206025, -3.128174
0.622427, 9.207108, -3.123581
0.558552, 9.203488, -3.127459
0.578631, 9.204217, -3.125060
0.535678, 9.208634, -3.125029
0.511293, 9.213565, -3.124983
0.486220, 9.214101, -3.121936
0.441377, 9.217992, -3.123150
0.452968, 9.220117, -3.123457
0.435455, 9.221274, -3.119744
0.362600, 9.225877, -3.120015
0.370755, 9.224692, -3.121603
0.351592, 9.224428, -3.116145
0.308910, 9.226550, -3.118812
0.276874, 9.232590, -3.111465
0.183013, 9.237252, -3.107412
0.085273, 9.238132, -3.112278
0.048587, 9.240641, -3.110966
-0.022583, 9.238567, -3.108045
-0.021252, 9.234965, -3.108845
-0.004189, 9.236085, -3.109582
-0.079815, 9.234451, -3.116481
-0.076544, 9.232584, -3.112175
-0.133756, 9.232784, -3.113685
-0.175656, 9.236361, -3.114990
-0.202009, 9.229964, -3.110914
-0.220478, 9.233969, -3.112059
-0.280677, 9.235147, -3.110383
-0.301035, 9.236685, -3.106195
-0.315021, 9.235524, -3.109653
-0.345308, 9.238153, -3.108859
-0.329577, 9.242224, -3.109904
-0.371814, 9.242122, -3.109606
-0.420828, 9.244451, -3.108784
-0.432860, 9.246245, -3.105807
-0.481897, 9.247426, -3.107142
-0.518132, 9.246901, -3.101193
-0.537096, 9.247346, -3.106276
-0.563087, 9.244063, -3.109594
-0.613894, 9.245834, -3.108740
-0.615399, 9.247030, -3.110586
-0.664182, 9.246704, -3.106269
-0.705251, 9.240638, -3.111683
-0.732990, 9.238607, -3.108828
-0.758511, 9.234255, -3.111580
-0.817373, 9.234447, -3.109198
-0.810731, 9.232498, -3.107681
-0.823497, 9.231698, -3.105328
-0.898053, 9.232471, -3.104467
-0.939534, 9.234714, -3.102747
-0.976118, 9.234209, -3.105156
-1.020625, 9.230911, -3.107012
-1.027110, 9.231397, -3.106695
-1.066634, 9.227051, -3.109301
-1.007388, 9.226406, -3.110239
-1.006124, 9.224707, -3.111904
-0.994103, 9.226220, -3.110691
-1.024366, 9.224672, -3.113724
-1.069548, 9.224397, -3.113760
-1.064720, 9.224356, -3.113539
-1.061326, 9.225986, -3.117829
-1.083976, 9.225621, -3.119142
-1.112512, 9.220709, -3.114210
-1.152404, 9.219091, -3.114826
-1.191094, 9.220271, -3.118510
-1.213461, 9.222095, -3.117451
-1.243478, 9.217113, -3.116744
-1.282176, 9.217338, -3.115051
-1.309465, 9.217303, -3.110623
-1.334949, 9.212095, -3.115932
-1.377256, 9.209008, -3.116838
-1.369699, 9.204520, -3.119887
-1.386949, 9.202260, -3.120212
-1.400031, 9.205276, -3.121113
-1.438438, 9.206639, -3.120346
-1.415273, 9.207206, -3.121107
-1.429412, 9.206075, -3.120666
-1.432709, 9.204288, -3.120606
-1.460753, 9.203944, -3.120791
-1.523969, 9.200632, -3.120156
-1.562657, 9.199877, -3.123812
-1.620860, 9.202880, -3.122360
-1.676578, 9.204154, -3.120521
-1.725697, 9.204086, -3.121939
-1.747054, 9.201510, -3.123728
-1.791272, 9.204842, -3.120596
-1.806854, 9.205981, -3.118584
-1.825297, 9.204298, -3.116297
-1.811772, 9.207895, -3.115709
-1.855614, 9.209389, -3.113678
-1.909855, 9.207423, -3.116323
-1.916936, 9.206185, -3.116746
-1.900822, 9.205615, -3.116246
-1.947678, 9.204622, -3.117268
-1.964633, 9.205704, -3.116464
-1.997621, 9.207258, -3.116025
-2.044299, 9.203512, -3.117035
-2.031230, 9.201624, -3.118101
-2.022307, 9.201386, -3.116219
-2.057689, 9.199107, -3.117090
-2.099920, 9.197310, -3.119878
-2.146402, 9.196103, -3.122609
-2.159417, 9.196410, -3.123493
-2.199999, 9.198981, -3.122964
-2.234648, 9.195520, -3.122885
-2.286506, 9.194004, -3.126158
-2.341061, 9.190429, -3.127193
-2.361961, 9.187666, -3.133138
-2.393668, 9.188322, -3.132555
-2.407247, 9.190097, -3.130866
-2.463161, 9.191048, -3.130192
-2.486728, 9.193675, -3.134522
-2.489487, 9.192960, -3.134772
-2.530356, 9.192743, -3.135418
-2.589538, 9.192873, -3.134205
-2.639007, 9.195753, -3.131368
-2.667248, 9.197931, -3.132032
-2.708641, 9.199998, -3.125343
-2.712459, 9.197685, -3.123993
-2.788567, 9.196081, -3.125192
-2.814722, 9.198016, -3.120404
-2.808860, 9.198289, -3.118298
-2.861700, 9.198121, -3.117784
-2.919372, 9.200347, -3.116547
-3.008352, 9.200859, -3.116916
-3.020225, 9.199745, -3.117379
-3.073197, 9.200074, -3.118146
-3.127352, 9.202690, -3.118163
-3.172618, 9.203958, -3.118812
-3.209965, 9.201848, -3.120213
-3.229951, 9.205814, -3.120071
-3.235874, 9.207942, -3.121513
-3.301863, 9.206425, -3.122199
-3.387690, 9.204766, -3.122850
-3.421644, 9.201651, -3.123981
-3.469610, 9.197778, -3.126098
-3.533304, 9.196011, -3.127534
-3.509195, 9.196433, -3.131606
-3.490230, 9.198722, -3.132553
-3.522627, 9.201179, -3.122777
-3.538294, 9.200154, -3.126332
-3.538739, 9.204177, -3.129498
-3.499534, 9.203496, -3.131791
-3.507965, 9.204280, -3.131184
-3.517848, 9.205439, -3.130897
-3.586100, 9.201835, -3.131198
-3.577586, 9.207210, -3.130114
-3.654043, 9.209075, -3.130210
-3.730427, 9.210531, -3.129421
-3.752306, 9.211158, -3.127401
-3.711178, 9.213678, -3.127835
-3.787963, 9.216855, -3.127487
-3.935963, 9.216973, -3.127288
-3.977151, 9.223979, -3.127738
-3.977790, 9.229232, -3.127115
-4.014426, 9.224416, -3.128433
-4.002853, 9.222699, -3.130263
-3.978616, 9.231012, -3.126972
-4.058303, 9.231552, -3.126426
-4.076722, 9.228472, -3.123612
-4.114684, 9.224761, -3.122361
-4.180481, 9.221923, -3.126677
-4.219785, 9.220580, -3.131461
-4.241148, 9.219069, -3.127710
-4.272263, 9.215341, -3.131042
-4.282593, 9.218267, -3.132657
-4.266799, 9.216291, -3.133929
-4.293702, 9.213209, -3.137959
-4.295245, 9.215737, -3.136888
-4.314832, 9.215949, -3.138191
-4.311183, 9.220320, -3.138519
-4.344666, 9.225359, -3.139090
-4.336254, 9.228067, -3.140827
-4.351707, 9.225920, -3.140900
-4.361083, 9.226993, -3.141280
-4.356970, 9.226456, -3.140706
-4.382040, 9.222484, -3.136221
-4.389011, 9.218426, -3.136361
-4.402952, 9.224445, -3.128572
-4.386851, 9.225746, -3.127627
-4.398772, 9.223115, -3.127868
-4.398479, 9.220306, -3.129011
-4.388779, 9.218607, -3.129257
-4.409122, 9.218920, -3.132013
-4.445852, 9.218601, -3.133072
-4.471767, 9.221484, -3.131551
-4.526693, 9.221659, -3.132731
-4.568208, 9.224546, -3.133321
-4.625928, 9.225555, -3.131672
-4.650093, 9.222730, -3.132852
-4.742376, 9.220289, -3.134915
-4.803223, 9.219056, -3.134051
-4.852061, 9.214625, -3.137834
-4.925793, 9.215232, -3.137769
-4.983812, 9.213931, -3.140505
-5.037701, 9.211452, -3.140895
-5.108157, 9.213511, 3.141396
-5.173448, 9.214905, 3.140607
-5.223274, 9.217734, 3.131687
-5.248135, 9.216925, 3.129101
-5.267772, 9.219132, 3.128219
-5.271120, 9.217960, 3.115949
-5.289797, 9.215597, 3.114774
-5.335641, 9.214175, 3.115624
-5.363970, 9.213685, 3.115031
-5.397266, 9.205743, 3.118316
-5.435920, 9.210292, 3.127717
-5.469170, 9.211357, 3.129380
-5.496762, 9.211412, 3.132807
-5.519581, 9.213606, 3.137424
-5.538919, 9.219132, 3.140343
-5.569812, 9.217878, -3.140767
-5.590543, 9.219320, -3.131004
-5.614564, 9.218383, -3.138305
-5.656267, 9.222623, -3.138702
-5.690307, 9.224982, -3.136245
-5.721973, 9.228097, -3.136452
-5.750064, 9.229919, -3.133488
-5.782038, 9.231392, -3.129735
-5.812531, 9.232461, -3.123113
-5.843289, 9.233826, -3.128432
-5.866099, 9.231781, -3.122626
-5.902910, 9.231896, -3.120376
-5.924661, 9.232843, -3.119788
-5.957735, 9.234372, -3.118738
-5.990836, 9.233173, -3.118030
-6.021266, 9.238046, -3.115805
-6.048458, 9.243559, -3.113211
-6.080184, 9.245246, -3.113759
-6.119722, 9.248798, -3.113317
-6.141421, 9.252225, -3.110322
-6.171238, 9.248804, -3.109551
-6.209753, 9.252760, -3.107485
-6.241161, 9.253530, -3.105930
-6.270354, 9.253637, -3.107531
-6.295027, 9.252717, -3.107183
-6.337843, 9.250667, -3.106452
-6.359865, 9.250041, -3.107832
-6.388588, 9.249518, -3.108355
-6.411639, 9.247044, -3.109950
-6.437233, 9.251820, -3.109150
-6.462448, 9.252345, -3.109465
-6.504158, 9.246164, -3.110799
-6.523630, 9.247292, -3.109460
-6.547838, 9.246998, -3.112154
-6.572369, 9.245803, -3.111832
-6.589283, 9.242966, -3.114027
-6.601344, 9.245023, -3.114611
-6.640998, 9.241918, -3.119458
-6.670593, 9.237797, -3.113744
-6.707133, 9.236047, -3.111135
-6.744001, 9.235698, -3.112574
-6.775933, 9.235606, -3.110241
-6.805757, 9.232686, -3.107186
-6.839151, 9.227776, -3.105570
-6.864933, 9.216351, -3.101085
-6.903362, 9.211957, -3.101470
-6.928923, 9.208199, -3.101586
-6.962308, 9.204625, -3.096786
-6.987116, 9.197282, -3.096499
-7.021287, 9.200177, -3.075530
-7.054588, 9.205563, -3.073221
-7.091102, 9.206807, -3.071742
-7.112753, 9.209478, -3.070271
-7.141312, 9.209926, -3.064360
-7.167837, 9.211413, -3.064505
-7.196722, 9.211140, -3.061705
-7.220202, 9.211152, -3.058821
-7.238413, 9.210024, -3.051948
-7.267462, 9.204542, -3.050450
-7.300388, 9.199451, -3.051648
-7.321038, 9.197064, -3.048078
-7.367889, 9.194904, -3.045008
-7.388297, 9.195700, -3.043332
-7.415415, 9.192250, -3.041492
-7.414195, 9.191179, -3.040808
-7.424391, 9.191817, -3.040419
-7.450320, 9.190683, -3.036956
-7.464656, 9.188158, -3.037467
-7.485920, 9.190475, -3.035854
-7.511656, 9.186324, -3.038330
-7.545690, 9.185131, -3.035231
-7.570300, 9.185766, -3.031701
-7.609330, 9.183706, -3.029598
-7.638437, 9.181057, -3.027412
-7.669183, 9.177181, -3.024824
-7.697029, 9.177997, -3.020007
-7.735173, 9.179851, -3.009281
-7.769363, 9.175105, -3.005374
-7.798277, 9.171065, -3.006581
-7.828159, 9.166069, -3.008764
-7.859387, 9.161662, -3.008670
-7.891321, 9.158232, -3.005645
-7.924904, 9.153679, -3.006921
-7.951152, 9.150603, -3.005266
-7.975977, 9.148671, -3.010083
-8.017392, 9.144798, -3.009847
-8.046361, 9.144325, -3.009977
-8.078352, 9.141015, -3.008254
-8.116381, 9.138733, -3.010121
-8.149984, 9.138389, -3.011267
-8.178356, 9.139555, -3.011773
-8.205685, 9.138922, -3.009348
-8.252060, 9.133408, -3.013235
-8.275983, 9.128450, -3.013112
-8.301989, 9.125252, -3.013671
-8.331680, 9.122758, -3.013408
-8.386066, 9.118373, -3.015608
-8.443754, 9.108505, -3.034264
-8.496666, 9.098878, -3.036368
-8.543016, 9.090521, -3.037956
-8.565178, 9.089133, -3.025574
-8.607453, 9.081603, -3.044035
-8.649977, 9.080398, -3.031241
-8.682696, 9.076109, -3.031434
-8.714877, 9.070511, -3.043950
-8.747841, 9.066985, -3.036143
-8.774300, 9.065483, -3.037111
-8.791281, 9.063326, -3.039924
-8.814504, 9.062909, -3.041061
-8.844184, 9.062582, -3.039147
-8.879518, 9.060902, -3.044792
-8.918935, 9.052858, -3.044379
-8.949407, 9.049644, -3.044399
-8.981660, 9.047714, -3.036003
-9.026800, 9.043223, -3.041230
-9.049250, 9.038772, -3.042292
-9.074700, 9.031573, -3.041910
-9.100382, 9.029933, -3.041136
-9.137041, 9.025309, -3.036106
-9.162427, 9.020820, -3.040467
-9.195093, 9.017075, -3.039731
-9.231787, 9.009461, -3.042006
-9.265307, 9.008614, -3.041463
-9.295355, 9.005632, -3.039978
-9.331359, 9.003584, -3.041022
-9.351917, 8.998625, -3.045424
-9.389775, 8.997953, -3.042747
-9.419401, 8.999080, -3.050533
-9.460500, 8.998333, -3.054808
-9.503669, 8.993801, -3.078992
-9.540936, 8.992744, -3.066830
-9.570426, 8.990925, -3.068447
-9.603755, 8.992652, -3.073420
-9.627730, 8.994849, -3.082430
-9.656864, 8.996991, -3.083015
-9.691604, 9.003538, -3.083724
-9.702508, 9.002661, -3.111237
-9.733910, 8.998959, -3.134709
-9.766410, 8.997144, -3.138963
-9.792158, 8.999336, -3.135717
-9.821940, 9.002398, -3.133659
-9.849830, 9.005202, -3.132492
-9.880310, 9.007281, -3.132890
-9.903825, 9.011492, -3.130805
-9.932698, 9.013246, -3.132904
-9.972538, 9.014795, -3.138855
-10.003666, 9.018000, -3.138168
-10.032543, 9.020294, -3.135160
-10.064500, 9.021158, -3.137252
-10.118967, 9.016615, 3.122386
-10.158397, 9.015529, 3.124078
-10.199282, 9.015228, 3.123529
-10.232717, 9.014575, 3.124372
-10.263059, 9.016991, 3.127583
-10.287268, 9.020773, 3.128134
-10.311683, 9.020136, 3.127163
-10.344488, 9.018068, 3.131331
-10.371878, 9.019931, 3.129334
-10.399817, 9.020352, 3.136180
-10.454903, 9.021558, -3.123214
-10.501821, 9.025032, -3.117384
-10.538208, 9.029834, -3.115489
-10.575324, 9.029216, -3.117460
-10.608170, 9.032595, -3.114637
-10.667096, 9.032863, -3.138788
-10.710496, 9.031162, -3.138153
-10.746797, 9.030303, -3.137104
-10.786860, 9.028866, -3.135554
-10.825686, 9.026875, -3.132980
-10.852251, 9.029879, -3.130558
-10.881904, 9.030910, -3.129794
-10.912866, 9.031286, -3.129536
-10.941030, 9.032555, -3.128139
-10.960782, 9.030135, -3.128013
-10.985871, 9.031915, -3.128466
-11.026644, 9.029449, 3.125807
-11.065726, 9.031760, 3.127535
-11.091832, 9.034713, 3.130399
-11.116404, 9.035755, 3.132694
-11.143787, 9.035751, 3.133451
-11.159370, 9.036522, 3.134800
-11.183969, 9.038467, 3.133482
-11.197867, 9.039410, 3.132340
-11.238093, 9.042789, 3.107767
-11.271194, 9.044668, 3.107501
-11.300436, 9.047919, 3.114487
-11.328474, 9.052402, 3.115074
-11.359875, 9.054567, 3.117492
-11.383429, 9.057241, 3.117296
-11.426577, 9.058849, 3.093522
-11.465617, 9.057801, 3.100020
-11.489464, 9.059741, 3.095890
-11.511751, 9.062663, 3.098244
-11.531866, 9.065504, 3.096296
-11.551911, 9.069753, 3.100186
-11.592884, 9.072506, 3.075282
-11.616215, 9.075268, 3.078814
-11.634318, 9.074595, 3.078306
-11.658625, 9.075642, 3.076134
-11.684968, 9.076830, 3.079333
-11.712857, 9.079064, 3.069442
-11.740771, 9.081838, 3.056592
-11.767093, 9.084782, 3.061561
-11.793194, 9.087774, 3.064377
-11.810658, 9.089727, 3.063365
-11.854941, 9.089255, 3.091031
-11.912687, 9.089053, 3.074443
-11.948797, 9.091969, 3.083702
-11.973578, 9.093825, 3.082390
-11.997399, 9.097935, 3.083713
-12.020924, 9.098393, 3.077034
-12.044009, 9.101658, 3.056294
-12.062455, 9.104566, 3.055297
-12.075817, 9.110941, 3.054401
-12.098226, 9.113408, 3.047731
-12.150608, 9.110744, 3.054025
-12.175907, 9.109754, 3.053996
-12.193837, 9.112007, 3.052905
-12.223836, 9.117361, 3.046039
-12.243968, 9.119802, 3.043433
-12.284994, 9.117199, 3.060933
-12.306454, 9.117295, 3.059801
-12.325435, 9.120803, 3.058316
-12.360508, 9.129690, 3.040132
-12.381774, 9.137748, 3.043911
-12.416724, 9.138209, 3.061507
-12.433764, 9.141468, 3.066680
-12.462764, 9.138249, 3.080015
-12.497575, 9.133005, 3.093073
-12.513278, 9.133348, 3.101290
-12.549284, 9.131860, 3.114939
-12.583563, 9.128650, 3.127460
-12.612622, 9.127671, 3.136422
-12.647843, 9.128031, -3.137480
-12.685820, 9.131416, -3.131433
-12.714467, 9.125631, -3.124068
-12.743906, 9.121746, -3.100024
-12.789761, 9.117145, -3.089594
-12.805086, 9.110421, -3.090698
-12.845243, 9.104688, -3.083773
-12.906171, 9.101324, -3.052515
-12.931094, 9.094785, -3.056513
-12.955832, 9.086693, -3.052094
-12.972762, 9.083522, -3.044071
-12.979892, 9.072549, -3.042260
-13.022378, 9.062730, -3.022268
-13.058781, 9.055813, -2.997919
-13.083909, 9.047158, -2.997287
-13.103306, 9.039907, -2.995805
-13.106665, 9.030937, -2.980490
-13.166180, 9.013757, -2.962480
-13.195703, 9.006327, -2.960922
-13.203343, 8.993278, -2.946061
-13.220220, 8.982140, -2.943312
-13.258043, 8.964453, -2.917570
-13.296956, 8.957285, -2.906167
-13.328816, 8.943103, -2.901662
-13.345424, 8.930438, -2.898787
-13.377210, 8.911782, -2.880547
-13.406839, 8.897121, -2.830751
-13.437986, 8.879161, -2.817445
-13.463031, 8.861833, -2.798065
-13.500654, 8.847534, -2.779807
-13.525838, 8.835595, -2.765303
-13.544471, 8.820360, -2.733784
-13.575680, 8.812020, -2.711882
-13.607471, 8.788858, -2.697511
-13.631648, 8.768724, -2.683530
-13.655951, 8.756507, -2.676396
-13.672661, 8.745968, -2.668575
-13.696410, 8.731827, -2.653982
-13.709130, 8.721021, -2.651567
-13.741125, 8.685465, -2.617831
-13.766320, 8.657327, -2.607094
-13.795731, 8.619269, -2.597507
-13.794606, 8.599801, -2.602430
-13.820820, 8.561511, -2.588074
-13.851175, 8.541685, -2.565948
-13.859634, 8.521645, -2.560225
-13.899705, 8.500858, -2.524712
-13.938795, 8.470493, -2.499917
-13.964583, 8.436239, -2.474737
-13.985294, 8.407932, -2.466289
-13.993557, 8.378495, -2.466321
-14.038119, 8.352885, -2.407740
-14.048934, 8.334631, -2.398759
-14.057381, 8.327135, -2.379049
-14.055107, 8.307036, -2.375174
-14.067756, 8.293136, -2.369680
-14.102916, 8.257542, -2.332758
-14.157396, 8.223123, -2.265539
-14.193508, 8.197853, -2.243039
-14.211366, 8.167826, -2.217158
-14.218143, 8.127971, -2.193177
-14.236365, 8.095271, -2.151199
-14.246132, 8.065725, -2.130287
-14.256309, 8.035877, -2.123785
-14.266658, 7.995409, -2.091121
-14.276749, 7.966431, -2.037716
-14.281575, 7.932121, -2.014251
-14.287033, 7.900405, -2.007212
-14.290772, 7.864765, -1.996127
-14.263375, 7.842245, -2.009638
-14.280654, 7.807645, -1.936236
-14.290158, 7.772287, -1.920125
-14.285319, 7.742537, -1.909846
-14.261732, 7.706128, -1.917570
-14.274633, 7.673074, -1.870194
-14.281793, 7.636452, -1.839032
-14.265688, 7.603375, -1.852342
-14.249580, 7.576810, -1.859690
-14.257137, 7.541379, -1.807787
-14.268738, 7.509802, -1.764519
-14.269920, 7.473668, -1.755326
-14.246098, 7.438961, -1.784863
-14.254170, 7.413449, -1.729519
-14.258555, 7.380628, -1.713167
-14.256434, 7.339412, -1.701015
-14.240351, 7.326781, -1.702476
-14.230119, 7.313378, -1.706581
-14.217674, 7.292924, -1.709250
-14.230648, 7.263164, -1.641717
-14.229033, 7.230231, -1.638483
-14.214039, 7.200540, -1.657191
-14.202640, 7.172348, -1.644942
-14.193516, 7.150525, -1.627844
-14.190514, 7.138715, -1.596985
-14.181212, 7.121790, -1.586289
-14.169072, 7.104232, -1.576262
-14.170813, 7.094791, -1.555878
-14.165730, 7.073541, -1.523041
-14.160471, 7.056100, -1.511436
-14.158780, 7.033024, -1.513898
-14.151615, 7.023914, -1.503682
-14.128290, 7.004341, -1.485212
-14.121384, 6.978515, -1.480758
-14.110791, 6.940776, -1.485746
-14.104436, 6.907094, -1.485753
-14.099645, 6.880557, -1.485702
-14.103100, 6.855316, -1.485104
-14.108115, 6.824803, -1.483301
-14.109590, 6.799838, -1.483488
-14.113686, 6.773237, -1.479294
-14.112033, 6.749569, -1.476316
-14.114876, 6.721924, -1.475223
-14.113837, 6.702605, -1.475587
-14.108993, 6.678807, -1.475830
-14.113918, 6.643924, -1.473688
-14.120330, 6.610111, -1.472041
-14.097887, 6.575138, -1.471984
-14.087875, 6.546367, -1.474493
-14.077448, 6.526195, -1.477178
-14.076855, 6.510912, -1.476467
-14.079933, 6.478207, -1.475460
-14.080491, 6.453158, -1.475242
-14.074003, 6.426402, -1.474217
-14.089114, 6.409011, -1.466709
-14.072147, 6.374225, -1.470360
-14.052315, 6.338582, -1.467187
-14.047579, 6.308425, -1.465490
-14.047873, 6.272419, -1.465542
-14.039571, 6.252395, -1.469547
-14.033343, 6.224185, -1.467267
-14.012059, 6.185317, -1.462138
-13.998129, 6.152968, -1.464924
-14.000715, 6.126703, -1.462789
-13.996808, 6.109507, -1.464707
-14.010402, 6.069092, -1.450552
-14.003808, 6.033504, -1.443507
-14.006626, 6.000948, -1.433600
-14.010964, 5.982895, -1.431642
-14.007381, 5.959019, -1.425002
-13.995167, 5.924475, -1.449778
-13.996616, 5.893436, -1.456294
-14.000629, 5.864856, -1.465568
-14.005866, 5.841187, -1.466179
-13.994908, 5.824590, -1.462871
-13.973519, 5.774470, -1.469832
-13.973928, 5.746767, -1.472817
-13.989764, 5.704009, -1.473313
-13.970354, 5.662697, -1.477585
-13.967456, 5.637302, -1.489170
-13.972328, 5.609290, -1.494537
-13.980849, 5.585268, -1.499463
-13.969604, 5.550344, -1.499294
-13.959495, 5.515234, -1.526305
-13.967771, 5.495791, -1.526882
-13.958447, 5.460758, -1.529537
-13.967585, 5.431380, -1.531705
-13.962327, 5.403471, -1.532484
-13.977662, 5.369538, -1.542180
-13.988904, 5.341015, -1.540792
-13.986577, 5.316277, -1.544578
-13.985700, 5.278430, -1.549687
-13.982454, 5.251880, -1.550619
-13.987296, 5.224391, -1.547788
-13.997517, 5.184042, -1.554107
-14.005131, 5.163664, -1.552962
-14.005053, 5.139981, -1.554424
-14.006155, 5.116738, -1.552418
-13.999124, 5.077216, -1.571056
-14.000386, 5.038400, -1.568272
-14.001317, 5.005154, -1.570033
-14.003221, 4.968821, -1.569259
-14.005693, 4.939083, -1.567960
-14.012868, 4.909532, -1.565191
-14.007454, 4.878808, -1.569544
-13.996349, 4.850405, -1.567296
-14.001144, 4.821158, -1.570952
-14.005430, 4.793509, -1.569160
-14.001212, 4.763594, -1.571849
-14.001261, 4.733588, -1.571271
-13.998538, 4.700922, -1.572066
-14.003104, 4.667905, -1.573645
-13.999364, 4.644155, -1.574093
-13.989409, 4.609328, -1.577529
-13.990579, 4.584391, -1.585454
-13.986291, 4.561403, -1.585070
-13.985734, 4.547918, -1.588464
-13.985068, 4.518947, -1.596277
-13.992501, 4.489754, -1.598100
-13.987750, 4.462883, -1.606999
-13.978461, 4.428693, -1.628787
-13.972337, 4.390304, -1.634599
-13.973911, 4.367793, -1.635696
-13.986827, 4.337093, -1.628206
-13.995238, 4.305098, -1.625279
-13.996775, 4.272814, -1.624679
-13.991138, 4.244096, -1.633313
-14.016028, 4.227382, -1.617538
-14.023956, 4.191681, -1.620316
-14.022981, 4.165505, -1.624638
-14.018052, 4.136199, -1.627117
-14.019597, 4.099062, -1.624917
-14.025066, 4.073564, -1.624044
-14.034278, 4.040191, -1.623290
-14.041404, 4.007404, -1.621151
-14.041913, 3.974120, -1.622121
-14.038281, 3.937991, -1.638220
-14.045243, 3.904675, -1.638706
-14.050601, 3.872276, -1.636057
-14.046493, 3.837076, -1.637684
-14.051265, 3.802293, -1.635947
-14.054594, 3.782868, -1.633618
-14.054636, 3.760934, -1.632730
-14.060591, 3.729607, -1.629850
-14.063714, 3.702728, -1.628327
-14.061156, 3.672391, -1.629756
-14.060486, 3.653095, -1.627834
-14.064752, 3.633248, -1.623465
-14.063546, 3.614883, -1.628298
-14.060650, 3.584092, -1.627227
-14.063481, 3.549877, -1.626161
-14.068766, 3.529085, -1.619209
-14.080578, 3.497506, -1.614641
-14.086683, 3.456909, -1.613901
-14.083762, 3.428232, -1.617896
-14.093910, 3.397034, -1.608757
-14.104788, 3.355924, -1.606956
-14.101541, 3.331420, -1.606887
-14.103638, 3.301318, -1.624021
-14.110593, 3.256922, -1.618143
-14.124777, 3.220125, -1.610505
-14.134563, 3.187510, -1.607884
-14.144571, 3.153375, -1.602418
-14.151800, 3.108046, -1.600202
-14.159052, 3.074179, -1.596521
-14.162292, 3.039912, -1.594004
-14.167147, 3.013823, -1.592528
-14.169490, 2.977845, -1.593920
-14.168203, 2.950077, -1.591925
-14.174677, 2.927722, -1.589173
-14.174092, 2.902128, -1.593634
-14.193252, 2.870342, -1.600970
-14.200977, 2.830993, -1.600406
-14.204334, 2.791516, -1.596817
-14.207537, 2.758241, -1.594536
-14.211747, 2.732533, -1.591970
-14.217656, 2.710859, -1.588138
-14.223575, 2.692754, -1.584285
-14.226103, 2.676796, -1.583968
-14.218282, 2.642854, -1.589310
-14.201489, 2.623258, -1.596631
-14.204208, 2.602299, -1.596590
-14.238717, 2.557580, -1.600540
-14.253476, 2.524501, -1.594889
-14.238125, 2.490276, -1.602793
-14.232178, 2.455263, -1.603156
-14.237742, 2.430282, -1.601003
-14.239725, 2.408211, -1.599234
-14.239085, 2.396170, -1.597286
-14.228870, 2.362895, -1.612180
-14.216809, 2.332926, -1.614029
-14.234553, 2.290070, -1.620683
-14.250173, 2.252155, -1.610440
-14.259217, 2.237252, -1.613752
-14.229128, 2.211528, -1.633935
-14.215091, 2.184838, -1.637157
-14.211930, 2.152825, -1.643362
-14.222885, 2.109521, -1.649268
-14.225416, 2.072660, -1.647072
-14.229253, 2.045144, -1.642207
-14.227295, 2.016746, -1.640260
-14.238372, 1.987859, -1.632127
-14.244861, 1.961600, -1.626707
-14.246705, 1.938025, -1.625076
-14.246103, 1.909803, -1.630145
-14.254075, 1.888195, -1.628868
-14.256057, 1.860310, -1.613427
-14.252915, 1.817706, -1.616960
-14.253502, 1.780421, -1.608987
-14.255584, 1.750209, -1.595570
-14.253759, 1.719840, -1.585770
-14.239366, 1.691691, -1.587799
-14.239545, 1.670682, -1.574241
-14.240549, 1.642142, -1.567073
-14.245059, 1.620507, -1.556949
-14.238370, 1.597430, -1.552670
-14.236084, 1.568548, -1.558946
-14.231125, 1.541470, -1.559384
-14.233162, 1.503989, -1.563474
-14.236449, 1.478278, -1.558251
-14.238530, 1.455020, -1.557646
-14.237099, 1.427401, -1.557671
-14.245162, 1.403585, -1.555119
-14.243955, 1.381600, -1.553487
-14.248816, 1.343701, -1.552861
-14.236170, 1.321968, -1.555246
-14.233662, 1.295153, -1.555309
-14.235201, 1.263269, -1.550438
-14.236701, 1.241455, -1.550475
-14.241544, 1.217344, -1.546880
-14.240643, 1.181556, -1.544592
-14.238656, 1.159101, -1.545554
-14.234221, 1.130160, -1.543971
-14.240259, 1.108136, -1.541484
-14.241644, 1.080954, -1.536727
-14.238467, 1.053793, -1.539597
-14.232213, 1.029735, -1.543704
-14.230916, 1.005801, -1.540042
-14.237988, 0.987500, -1.536580
-14.254265, 0.947159, -1.530631
-14.254994, 0.922109, -1.524715
-14.256606, 0.897205, -1.521619
-14.251554, 0.882521, -1.522646
-14.241241, 0.858402, -1.525966
-14.239992, 0.833549, -1.525953
-14.243156, 0.812398, -1.525628
-14.245153, 0.777929, -1.528403
-14.244027, 0.745549, -1.534638
-14.244001, 0.722268, -1.534791
-14.240919, 0.701984, -1.540512
-14.237876, 0.667127, -1.543993
-14.239668, 0.641579, -1.546351
-14.242690, 0.618186, -1.553204
-14.245734, 0.579071, -1.554564
-14.239024, 0.547303, -1.555495
-14.247014, 0.529807, -1.551705
-14.255715, 0.508200, -1.550143
-14.253741, 0.479529, -1.546237
-14.251338, 0.445663, -1.539733
-14.240667, 0.417260, -1.531130
-14.239802, 0.388188, -1.515220
-14.243384, 0.360842, -1.505128
-14.237514, 0.335968, -1.495024
-14.233663, 0.302375, -1.489277
-14.235763, 0.277351, -1.479845
-14.226678, 0.239328, -1.472454
-14.216583, 0.201076, -1.458661
-14.210604, 0.187727, -1.456424
-14.210702, 0.166207, -1.442013
-14.213753, 0.140147, -1.437563
-14.199941, 0.115476, -1.433326
-14.194121, 0.083241, -1.426125
-14.190170, 0.058244, -1.412340
-14.180191, 0.035877, -1.395790
-14.175489, 0.011352, -1.385308
-14.169721, -0.017051, -1.368147
-14.154694, -0.050905, -1.347977
-14.146140, -0.073978, -1.338790
-14.123008, -0.081750, -1.319449
-14.107768, -0.093353, -1.307701
-14.091428, -0.150151, -1.275098
-14.073151, -0.170841, -1.251636
-14.052232, -0.190731, -1.226958
-14.040581, -0.210406, -1.208592
-14.031715, -0.238797, -1.180838
-14.024013, -0.256253, -1.180421
-14.002278, -0.276669, -1.157036
-13.984718, -0.293926, -1.144876
-13.965686, -0.311634, -1.123823
-13.943803, -0.338639, -1.097874
-13.931511, -0.360160, -1.083066
-13.909187, -0.382950, -1.054826
-13.885140, -0.388118, -1.029577
-13.864958, -0.405622, -1.008907
-13.858252, -0.409958, -1.010545
-13.843391, -0.424838, -0.980740
-13.837504, -0.435760, -0.979785
-13.806559, -0.463459, -0.943045
-13.793867, -0.483122, -0.925971
-13.773299, -0.484979, -0.896212
-13.748575, -0.502691, -0.859138
-13.717022, -0.517733, -0.832392
-13.695750, -0.537987, -0.812462
-13.672199, -0.554846, -0.777671
-13.654480, -0.564174, -0.778588
-13.632294, -0.565801, -0.773735
-13.610037, -0.578444, -0.730122
-13.581326, -0.584342, -0.704421
-13.556295, -0.590440, -0.689169
-13.527702, -0.605888, -0.654393
-13.495112, -0.606357, -0.630720
-13.477384, -0.624139, -0.605125
-13.450185, -0.629767, -0.584702
-13.414948, -0.634763, -0.558397
-13.384620, -0.641271, -0.539955
-13.358844, -0.648404, -0.513596
-13.318620, -0.655764, -0.481425
-13.281529, -0.664125, -0.468975
-13.243435, -0.663005, -0.443017
-13.213156, -0.670388, -0.412977
-13.189804, -0.663717, -0.404631
-13.143864, -0.664371, -0.379166
-13.114915, -0.677956, -0.348070
-13.105087, -0.683677, -0.347431
-13.086437, -0.677346, -0.341237
-13.059686, -0.673529, -0.317356
-13.037238, -0.678597, -0.298283
-13.007076, -0.680686, -0.289185
-12.975273, -0.676471, -0.266287
-12.946104, -0.685865, -0.232521
-12.925145, -0.676034, -0.226202
-12.900324, -0.673091, -0.218290
-12.855360, -0.675359, -0.185105
-12.779194, -0.682054, -0.183557
-12.682350, -0.696001, -0.154996
-12.658554, -0.696021, -0.145731
-12.646869, -0.699727, -0.143793
-12.655379, -0.700222, -0.127303
-12.617656, -0.702226, -0.105951
-12.592303, -0.687980, -0.101961
-12.583277, -0.669280, -0.086877
-12.560910, -0.661541, -0.063674
-12.539895, -0.657146, -0.066338
-12.535303, -0.653452, -0.057089
-12.532412, -0.648300, -0.045636
-12.510044, -0.643592, -0.050582
-12.509467, -0.638188, -0.055746
-12.442138, -0.649369, -0.046445
-12.376558, -0.659933, -0.044469
-12.336011, -0.663102, -0.043616
-12.288785, -0.666075, -0.042552
-12.255348, -0.673082, -0.038401
-12.235588, -0.674064, -0.037768
-12.204404, -0.674690, -0.036108
-12.196146, -0.677927, -0.031827
-12.116038, -0.680194, -0.029606
-12.074013, -0.679273, -0.026696
-12.038077, -0.677534, -0.027592
-12.003803, -0.677091, -0.028636
-11.970653, -0.677392, -0.025169
-11.908696, -0.681644, -0.020420
-11.856980, -0.684197, -0.020267
-11.796440, -0.683768, -0.022021
-11.744933, -0.681984, -0.022959
-11.677068, -0.683008, -0.021559
-11.642564, -0.684251, -0.021065
-11.603175, -0.683714, -0.019394
-11.584357, -0.684241, -0.018477
-11.549452, -0.686971, -0.012135
-11.535777, -0.687678, -0.011953
-11.489233, -0.682906, -0.004325
-11.440193, -0.681304, 0.018026
-11.405513, -0.679276, 0.034170
-11.399640, -0.675739, 0.040156
-11.384345, -0.671893, 0.038713
-11.364486, -0.669120, 0.051993
-11.334822, -0.666614, 0.061330
-11.297172, -0.662962, 0.064990
-11.269653, -0.657898, 0.068047
-11.256030, -0.652999, 0.065043
-11.230464, -0.652025, 0.065735
-11.211991, -0.649065, 0.065579
-11.174610, -0.646516, 0.064784
-11.096952, -0.641526, 0.065074
-11.101269, -0.640097, 0.066483
-11.084558, -0.638689, 0.065627
-11.153402, -0.643725, 0.070920
-11.268484, -0.652371, 0.075912
-11.241194, -0.643616, 0.066495
-11.195172, -0.638602, 0.062864
-11.154422, -0.634278, 0.063014
-11.108287, -0.632049, 0.063864
-11.078290, -0.631606, 0.063944
-11.065872, -0.630590, 0.062019
-11.070180, -0.628194, 0.060185
-11.043101, -0.623966, 0.058078
-11.010435, -0.620671, 0.055035
-10.992602, -0.627423, 0.064086
-10.975196, -0.632113, 0.064546
-10.960471, -0.633530, 0.062367
-10.942424, -0.637012, 0.063285
-10.900127, -0.633122, 0.049986
-10.893710, -0.629261, 0.044569
-10.859881, -0.629567, 0.045052
-10.847223, -0.630527, 0.041555
-10.809691, -0.627436, 0.038890
-10.775177, -0.624263, 0.035617
-10.761316, -0.627074, 0.034520
-10.779981, -0.623969, 0.033981
-10.774681, -0.622969, 0.034660
-10.709129, -0.622978, 0.033521
-10.669675, -0.623446, 0.033207
-10.611018, -0.621524, 0.031865
-10.595620, -0.625682, 0.034527
-10.574362, -0.626496, 0.034442
-10.519890, -0.627048, 0.035750
-10.445849, -0.627320, 0.034276
-10.407451, -0.626169, 0.033793
-10.350154, -0.621931, 0.031880
-10.312616, -0.625031, 0.029601
-10.279564, -0.627764, 0.031473
-10.253669, -0.631983, 0.027744
-10.218616, -0.633799, 0.031145
-10.156813, -0.634855, 0.027384
-10.125437, -0.634073, 0.026899
-10.102931, -0.635090, 0.024448
-10.084908, -0.633212, 0.024555
-10.042120, -0.634323, 0.021228
-10.007994, -0.634462, 0.018998
-9.972185, -0.631832, 0.017821
-9.934932, -0.632053, 0.018448
-9.896061, -0.631343, 0.026300
-9.886061, -0.624820, 0.023961
-9.869013, -0.623806, 0.021267
-9.832296, -0.624466, 0.020417
-9.798537, -0.627402, 0.019743
-9.783331, -0.624473, 0.018470
-9.767534, -0.629132, 0.018061
-9.734470, -0.625884, 0.015978
-9.693543, -0.622688, 0.014327
-9.643500, -0.625371, 0.014148
-9.626595, -0.627293, 0.013473
-9.561254, -0.624176, 0.012637
-9.566308, -0.625035, 0.010544
-9.529730, -0.625547, 0.009607
-9.515672, -0.627115, 0.008942
-9.469675, -0.627283, 0.009787
-9.448555, -0.630945, 0.009044
-9.411933, -0.635467, 0.009680
-9.377065, -0.634132, 0.009469
-9.358067, -0.633569, 0.006842
-9.310451, -0.637217, 0.007164
-9.276490, -0.637592, 0.010511
-9.248429, -0.637236, 0.010162
-9.205595, -0.636622, 0.012867
-9.184330, -0.637657, 0.011677
-9.118537, -0.637457, 0.014089
-9.061078, -0.637152, 0.015057
-9.052887, -0.638299, 0.019126
-9.057504, -0.634473, 0.017530
-9.056749, -0.636432, 0.018682
-9.041621, -0.635296, 0.019768
-9.003650, -0.635852, 0.018975
-8.955238, -0.638014, 0.022343
-8.925253, -0.636712, 0.027140
-8.910963, -0.635229, 0.033813
-8.880825, -0.633512, 0.041014
-8.852466, -0.626316, 0.042803
-8.824365, -0.624183, 0.048928
-8.815177, -0.620610, 0.050644
-8.786403, -0.620428, 0.053712
-8.751870, -0.618210, 0.057247
-8.721245, -0.615027, 0.066719
-8.669811, -0.610522, 0.060978
-8.648514, -0.606412, 0.076723
-8.601138, -0.600588, 0.078519
-8.574833, -0.598115, 0.078831
-8.544421, -0.593598, 0.085044
-8.502582, -0.589628, 0.091902
-8.490656, -0.586166, 0.091535
-8.490978, -0.581614, 0.091675
-8.427211, -0.579111, 0.091752
-8.462839, -0.575930, 0.092759
-8.459767, -0.571073, 0.097106
-8.433177, -0.566260, 0.095717
-8.370356, -0.561373, 0.096170
-8.349672, -0.563880, 0.099313
-8.311618, -0.566814, 0.103327
-8.373007, -0.566860, 0.105732
-8.376260, -0.562998, 0.105838
-8.375220, -0.564665, 0.106293
-8.348138, -0.563394, 0.106484
-8.318622, -0.562324, 0.107378
-8.281784, -0.562083, 0.107844
-8.258856, -0.562953, 0.108141
-8.257432, -0.561812, 0.107837
-8.202129, -0.562272, 0.109359
-8.228486, -0.554595, 0.107500
-8.145285, -0.551422, 0.105368
-8.096619, -0.550918, 0.106755
-8.080935, -0.546744, 0.108165
-8.086155, -0.551150, 0.107464
-8.109576, -0.551182, 0.110374
-8.175628, -0.547363, 0.116653
-8.133841, -0.541875, 0.113884
-8.043752, -0.536407, 0.112427
-8.030871, -0.536782, 0.118633
-8.004206, -0.541587, 0.134202
-7.983314, -0.543938, 0.137981
-7.948907, -0.541159, 0.132848
-7.955841, -0.539437, 0.132698
-7.904203, -0.537075, 0.132398
-7.881936, -0.532616, 0.132940
-7.850051, -0.533557, 0.140755
-7.823180, -0.533278, 0.140993
-7.737034, -0.522342, 0.131158
-7.686360, -0.516159, 0.128831
-7.689691, -0.512252, 0.130567
-7.660782, -0.508155, 0.129938
-7.618647, -0.505086, 0.131999
-7.563912, -0.499521, 0.135376
-7.525841, -0.493158, 0.135227
-7.477422, -0.483033, 0.134600
-7.328302, -0.469979, 0.136443
-7.303681, -0.467793, 0.137156
-7.260871, -0.464814, 0.138858
-7.181887, -0.460321, 0.145205
-7.137065, -0.457688, 0.149620
-7.094289, -0.460565, 0.150008
-7.066570, -0.457824, 0.149184
-7.070898, -0.449275, 0.147874
-7.059257, -0.440880, 0.143729
-7.030180, -0.439947, 0.144071
-7.037423, -0.438350, 0.147424
-7.006546, -0.436811, 0.147435
-7.012782, -0.429348, 0.142890
-7.017350, -0.429416, 0.146189
-6.985522, -0.422054, 0.146575
-6.984802, -0.421912, 0.146833
-6.966858, -0.421618, 0.149809
-6.905349, -0.416308, 0.147697
-6.898582, -0.411677, 0.146172
-6.918141, -0.402604, 0.145356
-6.844070, -0.397928, 0.145890
-6.812486, -0.388602, 0.147100
-6.788194, -0.385134, 0.145232
-6.755459, -0.382243, 0.149141
-6.713984, -0.383034, 0.149478
-6.622857, -0.383471, 0.149264
-6.593596, -0.381330, 0.150287
-6.555334, -0.381322, 0.149974
-6.552717, -0.377650, 0.149215
-6.579905, -0.376117, 0.147111
-6.573792, -0.373184, 0.149704
-6.524898, -0.368133, 0.148034
-6.496564, -0.364670, 0.147298
-6.450308, -0.358418, 0.148233
-6.375856, -0.354787, 0.148862
-6.320878, -0.350997, 0.148529
-6.296572, -0.344383, 0.147868
-6.272376, -0.342952, 0.148796
-6.273672, -0.338250, 0.149541
-6.220424, -0.333911, 0.151872
-6.217402, -0.329721, 0.152765
-6.133628, -0.325305, 0.152541
-6.042362, -0.319098, 0.153591
-5.939340, -0.310040, 0.149386
-5.872607, -0.305756, 0.154726
-5.813181, -0.297204, 0.152062
-5.823399, -0.290300, 0.155654
-5.714732, -0.279329, 0.156147
-5.745258, -0.275542, 0.159658
-5.737094, -0.276487, 0.160698
-5.730484, -0.274477, 0.161048
-5.707964, -0.269257, 0.160643
-5.707925, -0.262503, 0.156144
-5.638236, -0.259622, 0.150160
-5.561059, -0.253874, 0.149565
-5.543488, -0.248058, 0.147833
-5.520242, -0.245676, 0.143677
-5.490155, -0.239235, 0.141617
-5.452779, -0.233881, 0.139862
-5.436955, -0.233574, 0.139135
-5.416923, -0.231486, 0.137369
-5.456825, -0.229977, 0.130442
-5.440971, -0.229514, 0.131165
-5.405742, -0.231344, 0.131048
-5.370951, -0.225858, 0.126505
-5.371186, -0.226577, 0.125310
-5.357036, -0.226316, 0.120339
-5.290447, -0.223327, 0.118822
-5.288136, -0.223421, 0.112367
-5.258869, -0.223293, 0.104531
-5.157100, -0.221982, 0.101578
-5.131586, -0.219723, 0.091432
-5.081474, -0.221062, 0.084524
-5.043034, -0.217566, 0.081452
-5.110015, -0.216134, 0.073835
-5.060270, -0.215896, 0.059831
-5.011186, -0.215650, 0.061767
-4.915047, -0.217755, 0.054130
-4.936803, -0.223105, 0.051595
-4.892053, -0.226254, 0.052692
-4.857527, -0.228323, 0.050922
-4.797976, -0.233274, 0.052221
-4.802724, -0.230296, 0.048671
-4.740641, -0.229206, 0.045686
-4.705476, -0.231815, 0.043891
-4.684298, -0.233616, 0.042938
-4.611845, -0.233300, 0.038454
-4.571301, -0.232070, 0.037394
-4.570490, -0.231324, 0.035377
-4.565905, -0.230698, 0.031281
-4.550222, -0.232149, 0.033127
-4.514606, -0.232751, 0.033518
-4.480027, -0.233783, 0.031389
-4.477246, -0.235940, 0.030431
-4.367324, -0.236761, 0.032140
-4.305245, -0.233811, 0.030203
-4.260633, -0.233910, 0.033034
-4.242320, -0.236054, 0.034038
-4.214516, -0.236068, 0.032847
-4.158950, -0.234879, 0.032589
-4.178758, -0.232084, 0.032548
-4.181800, -0.232295, 0.030095
-4.192758, -0.230171, 0.030648
-4.199257, -0.229619, 0.027377
-4.212043, -0.231784, 0.028726
-4.204705, -0.229498, 0.028419
-4.188301, -0.227962, 0.032470
-4.168018, -0.228324, 0.034879
-4.156222, -0.229943, 0.037030
-4.139269, -0.229887, 0.033040
-4.068028, -0.230349, 0.034120
-4.061645, -0.228108, 0.030002
-4.028713, -0.227206, 0.030117
-3.968656, -0.226071, 0.027414
-4.032000, -0.223566, 0.031707
-3.947627, -0.220917, 0.026677
-3.959911, -0.218182, 0.031960
-3.940748, -0.215913, 0.030436
-3.899934, -0.207464, 0.028011
-3.771488, -0.213182, 0.029610
-3.758205, -0.213693, 0.028508
-3.693697, -0.211797, 0.027567
-3.648809, -0.212415, 0.029348
-3.610633, -0.212638, 0.028927
-3.565677, -0.213403, 0.030684
-3.534322, -0.211546, 0.029640
-3.519270, -0.213558, 0.029616
-3.549003, -0.222463, 0.029950
-3.583109, -0.225469, 0.029922
-3.515850, -0.227387, 0.030774
-3.504664, -0.229403, 0.028622
-3.372648, -0.232967, 0.028653
-3.255532, -0.233861, 0.027975
-3.220247, -0.238015, 0.029639
-3.214487, -0.235286, 0.027623
-3.198027, -0.233087, 0.027340
-3.126350, -0.230593, 0.026439
-3.141228, -0.231816, 0.021127
-3.191214, -0.229906, 0.020225
-3.188390, -0.230741, 0.021048
-3.152051, -0.230839, 0.021996
-3.101508, -0.232142, 0.021868
-3.103530, -0.234627, 0.021323
-3.077683, -0.235008, 0.019871
-3.008508, -0.234681, 0.022223
-2.990590, -0.235352, 0.020524
-2.939317, -0.236329, 0.021962
-3.037583, -0.236820, 0.023364
-3.037016, -0.235535, 0.021472
-2.976905, -0.235094, 0.022977
-2.976962, -0.237379, 0.019981
-2.917209, -0.238835, 0.019704
-2.853652, -0.239049, 0.017946
-2.794334, -0.230087, 0.005179
-2.733504, -0.224817, -0.002043
-2.686556, -0.222638, -0.001994
-2.694756, -0.218621, -0.005362
-2.632031, -0.218797, -0.005706
-2.548801, -0.226905, 0.008416
-2.552799, -0.227005, 0.008367
-2.516136, -0.235646, 0.008629
-2.446726, -0.239030, 0.009279
-2.402152, -0.239693, 0.010420
-2.430400, -0.250160, 0.020918
-2.459038, -0.253015, 0.021263
-2.429305, -0.258336, 0.021947
-2.448437, -0.258694, 0.017592
-2.358327, -0.258385, 0.015486
-2.318489, -0.257897, 0.015735
-2.307058, -0.254948, 0.009523
-2.298081, -0.257214, 0.008832
-2.259086, -0.260519, 0.012082
-2.169058, -0.259772, 0.008632
-2.191425, -0.261348, 0.007359
-2.124154, -0.259818, 0.005782
-2.078800, -0.261357, 0.003327
-2.085168, -0.258458, 0.001111
-2.058875, -0.261958, 0.004564
-2.008624, -0.263781, 0.004663
-2.024260, -0.264264, 0.004562
-1.941849, -0.263322, 0.004425
-1.936303, -0.262673, 0.002368
-1.884471, -0.265433, -0.000061
-1.861031, -0.265447, -0.001982
-1.868804, -0.262136, -0.003879
-1.824681, -0.263032, -0.001625
-1.808203, -0.264023, -0.001845
-1.726079, -0.265359, -0.002838
-1.719239, -0.267771, -0.002252
-1.692826, -0.271441, -0.000251
-1.654114, -0.275207, 0.001597
-1.520266, -0.275731, 0.005248
-1.479158, -0.275071, 0.004204
-1.450239, -0.274152, 0.005170
-1.435408, -0.272677, 0.003947
-1.429097, -0.276507, 0.004196
-1.443361, -0.277083, 0.003714
-1.445386, -0.275417, 0.000414
-1.381926, -0.277143, -0.000058
-1.297244, -0.278492, 0.000427
-1.213245, -0.279488, -0.000275
-1.188252, -0.282914, -0.001893
-1.212700, -0.286037, -0.002066
-1.251129, -0.285339, -0.004750
-1.200988, -0.288405, -0.005498
-1.169923, -0.293634, -0.007227
-1.148228, -0.293361, -0.006500
-1.111440, -0.296164, -0.007008
-1.094206, -0.300584, -0.006329
-1.026502, -0.303220, -0.005651
-1.024592, -0.304625, -0.007768
-0.947249, -0.303250, -0.007976
-0.963622, -0.304318, -0.009408
-0.946850, -0.305523, -0.008431
-0.903108, -0.302831, -0.007221
-0.862629, -0.301222, -0.006012
-0.805497, -0.301674, -0.004433
-0.686032, -0.303331, -0.004006
-0.615746, -0.305061, -0.001188
-0.608754, -0.298634, -0.000298
-0.635940, -0.300108, -0.001055
-0.632943, -0.301473, 0.000259
-0.660604, -0.301365, -0.001114
-0.695911, -0.303092, -0.001403
-0.615422, -0.304301, -0.001402
-0.486273, -0.303146, -0.001414
-0.439699, -0.305286, -0.000482
-0.375016, -0.305901, 0.000589
-0.330473, -0.308013, 0.000522
-0.336644, -0.307307, -0.000247
-0.393811, -0.306134, -0.000345
-0.445172, -0.308747, -0.000245
-0.400716, -0.310112, -0.000160
-0.489665, -0.310358, -0.000130
-0.529486, -0.309930, 0.000004
-0.568902, -0.308372, 0.000907
-0.628373, -0.305231, 0.000393
-0.677972, -0.304037, -0.001493
-0.601554, -0.301839, -0.001039
-0.550229, -0.299611, -0.002766
-0.489288, -0.300323, -0.003220
-0.502414, -0.303238, -0.000622
-0.426331, -0.300438, -0.002486
-0.442709, -0.298123, -0.002938
-0.491766, -0.302489, 0.000240
-0.423125, -0.300974, -0.001820
-0.425845, -0.303757, -0.001331
-0.388936, -0.303365, -0.001388
-0.415039, -0.305114, 0.000066
-0.449109, -0.302357, -0.001142
-0.451017, -0.300449, -0.002775
-0.516198, -0.301422, -0.002299
-0.504132, -0.301554, -0.002236
-0.479756, -0.303017, -0.001189
-0.484268, -0.305823, -0.000979
-0.475828, -0.310988, 0.001718
-0.486806, -0.303960, -0.001070
-0.508466, -0.305073, -0.001522
-0.467276, -0.303861, -0.000373
-0.497340, -0.303739, -0.000383
-0.465000, -0.308464, -0.000616
-0.403151, -0.310804, -0.000939
-0.397131, -0.310273, 0.001134
-0.429907, -0.311445, 0.001007
-0.462275, -0.308714, 0.000397
-0.442496, -0.307899, 0.000861
-0.395739, -0.304762, -0.001605
-0.335050, -0.304193, -0.000744
-0.304297, -0.299628, -0.002152
-0.369626, -0.302063, -0.001821
-0.345999, -0.300003, -0.002298
-0.285138, -0.301901, -0.002080
-0.247200, -0.303320, 0.000000
-0.338048, -0.302989, -0.002370
-0.426721, -0.299627, -0.002981
-0.466132, -0.301192, -0.001979
-0.469841, -0.299897, -0.003047
-0.434580, -0.303553, -0.000318
-0.433979, -0.301984, -0.000591
-0.348080, -0.301673, -0.000685
-0.361711, -0.303807, -0.002455
-0.414393, -0.303726, -0.001085
-0.364018, -0.299446, -0.001732
-0.389684, -0.301842, -0.001645
-0.396426, -0.302817, -0.001698
-0.399740, -0.301395, -0.001506
-0.362651, -0.303421, -0.001198
-0.419391, -0.304704, -0.001706
-0.391146, -0.305882, -0.000475
-0.468922, -0.303323, -0.001161
-0.443782, -0.303517, -0.001908
-0.381343, -0.306436, 0.000800
-0.331857, -0.308246, -0.000436
-0.244905, -0.306129, 0.000138
-0.307899, -0.303644, -0.001768
-0.255916, -0.305281, 0.001213
-0.310940, -0.301880, -0.001754
-0.455055, -0.304029, 0.000093
-0.470077, -0.298884, -0.002277
-0.439420, -0.298028, -0.002848
-0.350697, -0.300110, -0.001906
-0.305852, -0.301232, -0.003070
-0.333505, -0.302186, -0.001051
-0.394611, -0.302832, -0.001050
-0.410761, -0.304858, -0.000925
-0.332480, -0.305242, -0.000374
-0.329182, -0.303186, -0.001866
-0.380942, -0.303161, -0.001596
-0.352311, -0.304318, 0.000743
-0.284176, -0.302538, -0.001769
-0.302115, -0.302792, -0.000515
-0.223530, -0.306149, 0.000110
-0.309357, -0.303440, -0.001222
-0.345239, -0.300775, -0.001016
-0.399485, -0.298704, -0.003501
-0.317735, -0.302436, -0.001601
-0.188818, -0.300493, -0.002712
-0.210667, -0.298094, -0.003378
-0.240535, -0.296019, -0.002811
-0.224848, -0.297147, -0.002723
-0.150952, -0.300878, -0.000991
-0.146937, -0.300897, -0.001692
-0.215529, -0.300465, -0.001105
-0.179684, -0.295334, -0.003710
-0.035677, -0.299908, -0.003077
0.018025, -0.300137, -0.000590
-0.028479, -0.297420, -0.001023
0.041119, -0.302203, -0.001319
0.041346, -0.303424, -0.001795
0.066496, -0.302622, -0.000205
0.083670, -0.300176, -0.001955
0.076866, -0.299546, -0.003081
0.143188, -0.305662, 0.001069
0.208658, -0.304306, -0.001426
0.128014, -0.305353, -0.000582
0.154204, -0.308724, 0.001085
0.143049, -0.303815, 0.000144
0.124889, -0.300570, -0.001016
0.081137, -0.306952, -0.000342
0.049391, -0.308178, 0.001711
0.040758, -0.310674, 0.001840
0.066886, -0.307150, 0.001339
0.156407, -0.307385, 0.000702
0.105172, -0.305468, 0.000369
0.097602, -0.306194, 0.000467
0.152815, -0.307644, 0.001179
0.245161, -0.309604, 0.000115
0.284784, -0.305838, -0.000615
0.259735, -0.300823, -0.001248
0.334335, -0.299863, -0.000321
0.276548, -0.299409, -0.002931
0.310097, -0.295274, -0.003571
0.308484, -0.295962, -0.003623
0.339030, -0.297949, -0.002299
0.361497, -0.300592, -0.000152
0.385700, -0.299988, -0.001279
0.369913, -0.299894, -0.002083
0.358963, -0.303184, -0.000261
0.378402, -0.303301, -0.002649
0.384106, -0.308963, 0.000815
0.386130, -0.305349, 0.001545
0.432753, -0.301888, -0.000840
0.442928, -0.304434, 0.000031
0.476754, -0.305328, 0.001784
