1.812438, -0.182249, -0.002384
1.835848, -0.195097, 0.003630
1.858196, -0.207530, 0.007939
1.919174, -0.211690, 0.009309
1.954862, -0.212204, 0.007665
1.976382, -0.210237, 0.006575
2.022846, -0.213055, 0.009284
2.033801, -0.212022, 0.008696
2.079125, -0.214382, 0.005640
2.084723, -0.212031, 0.006213
2.121627, -0.214950, 0.007107
2.180072, -0.216340, 0.005183
2.226385, -0.217744, 0.004423
2.198971, -0.221256, 0.007736
2.214213, -0.225955, 0.008877
2.236327, -0.230013, 0.006706
2.242492, -0.232801, 0.004860
2.291005, -0.238013, 0.006729
2.338964, -0.237641, 0.007666
2.400873, -0.241012, 0.009877
2.448784, -0.239200, 0.009296
2.447788, -0.241233, 0.009014
2.425242, -0.242191, 0.009914
2.421995, -0.244200, 0.010107
2.454204, -0.245066, 0.011563
2.443893, -0.247547, 0.012139
2.440038, -0.253133, 0.014881
2.445469, -0.253588, 0.011841
2.486439, -0.251521, 0.014329
2.513819, -0.250570, 0.012641
2.538502, -0.250569, 0.011079
2.538211, -0.249011, 0.009584
2.592511, -0.245576, 0.006005
2.619834, -0.244711, 0.005184
2.668138, -0.242816, 0.004119
2.707595, -0.247165, 0.004388
2.782437, -0.248369, 0.004433
2.852058, -0.246905, 0.004667
2.935516, -0.246466, 0.001819
2.954395, -0.246339, 0.000653
2.940206, -0.247830, 0.001508
3.185989, -0.251221, -0.004359
3.365867, -0.249572, -0.006891
3.520581, -0.253234, -0.002792
3.634344, -0.253570, -0.005655
3.736346, -0.251438, -0.006400
3.793545, -0.256402, -0.000990
3.859201, -0.257026, 0.000899
3.924632, -0.264855, 0.001574
3.984232, -0.262486, 0.001699
4.029525, -0.267556, 0.003029
4.081000, -0.270489, 0.003199
4.115318, -0.273790, 0.005621
4.146415, -0.273640, 0.004639
4.201108, -0.269163, 0.003729
4.251437, -0.273727, 0.004080
4.294679, -0.272219, 0.004792
4.339969, -0.268868, 0.003215
4.366692, -0.276274, 0.006523
4.391005, -0.274299, 0.005764
4.426829, -0.270028, 0.007687
4.475112, -0.276128, 0.006901
4.511588, -0.278648, 0.008232
4.542769, -0.281374, 0.010582
4.582619, -0.283558, 0.008919
4.604805, -0.288054, 0.008182
4.624725, -0.289245, 0.009014
4.662282, -0.290371, 0.009751
4.674178, -0.296125, 0.009498
4.693516, -0.302355, 0.010978
4.701701, -0.302383, 0.010155
4.700898, -0.301281, 0.009423
4.744252, -0.303709, 0.008358
4.762013, -0.303952, 0.008402
4.786251, -0.305365, 0.007473
4.784366, -0.308226, 0.009096
4.789739, -0.314247, 0.011061
4.805925, -0.324078, 0.014889
4.837324, -0.328400, 0.016206
4.868752, -0.329868, 0.016982
4.895303, -0.331764, 0.018910
4.898062, -0.331611, 0.018933
4.926478, -0.336063, 0.020909
4.969954, -0.336839, 0.024844
4.995529, -0.337710, 0.023324
5.015961, -0.337414, 0.025367
5.031156, -0.338037, 0.025396
5.065894, -0.337823, 0.025883
5.110278, -0.339658, 0.028107
5.138964, -0.342075, 0.031401
5.162708, -0.341943, 0.029597
5.183136, -0.341930, 0.033914
5.214527, -0.342029, 0.033350
5.267855, -0.340479, 0.030070
5.327286, -0.340361, 0.028710
5.367525, -0.341439, 0.027648
5.398181, -0.340664, 0.020018
5.411138, -0.339502, 0.019091
5.421328, -0.342569, 0.018906
5.456041, -0.343072, 0.021155
5.484405, -0.344544, 0.020676
5.515345, -0.339665, 0.020316
5.526231, -0.342271, 0.018993
5.529647, -0.342237, 0.018125
5.546826, -0.341345, 0.017454
5.564208, -0.344351, 0.017231
5.575065, -0.344425, 0.017566
5.586037, -0.350486, 0.019838
5.617013, -0.353454, 0.017667
5.627882, -0.359622, 0.018075
5.650548, -0.364616, 0.020885
5.673762, -0.364319, 0.020025
5.693790, -0.360955, 0.015698
5.713175, -0.361258, 0.015414
5.724017, -0.360880, 0.014369
5.756205, -0.361408, 0.011138
5.775091, -0.359726, 0.012530
5.810998, -0.364036, 0.013402
5.834795, -0.362972, 0.007920
5.853550, -0.362816, 0.007093
5.927197, -0.359723, 0.001480
5.996750, -0.361301, -0.007127
6.053432, -0.364904, -0.006538
6.092953, -0.363206, -0.005179
6.140910, -0.360988, -0.007577
6.176561, -0.363264, -0.007134
6.214042, -0.366235, -0.004128
6.246689, -0.369011, -0.005095
6.267836, -0.368518, -0.003953
6.304703, -0.372149, 0.001152
6.329750, -0.370027, -0.003875
6.356710, -0.370335, -0.002356
6.384335, -0.374115, 0.002162
6.409959, -0.372010, 0.001534
6.435792, -0.371980, 0.001863
6.451191, -0.370134, 0.000280
6.469390, -0.372251, 0.003532
6.492869, -0.373078, 0.000335
6.503327, -0.376364, -0.017070
6.529524, -0.373865, -0.016637
6.556650, -0.379207, -0.015374
6.605056, -0.384357, -0.006831
6.645125, -0.388618, -0.001814
6.687757, -0.390785, 0.003145
6.719656, -0.392668, 0.007247
6.754930, -0.396221, 0.010766
6.788778, -0.399015, 0.013258
6.836255, -0.400939, 0.022460
6.883408, -0.400757, 0.026680
6.907664, -0.401603, 0.021490
6.950247, -0.398864, -0.002866
6.979370, -0.400042, -0.000925
7.009586, -0.405339, 0.003494
7.034152, -0.401043, 0.000719
7.059349, -0.400178, 0.002205
7.078353, -0.396548, 0.000686
7.102586, -0.398215, -0.001608
7.134285, -0.393361, 0.003508
7.154798, -0.393482, 0.002053
7.222440, -0.397620, -0.015251
7.265436, -0.401624, -0.009390
7.296646, -0.407001, -0.007999
7.312220, -0.406711, 0.004306
7.330393, -0.408960, -0.015979
7.341250, -0.411481, -0.015318
7.377928, -0.412065, 0.004891
7.460078, -0.421951, -0.005017
7.510773, -0.427234, -0.003336
7.541392, -0.431082, -0.001438
7.569570, -0.429627, -0.002275
7.595373, -0.431853, -0.002666
7.617218, -0.426401, -0.005890
7.662048, -0.434130, -0.020750
7.686203, -0.437547, -0.019644
7.706702, -0.437252, -0.019931
7.746166, -0.427224, -0.015190
7.773220, -0.424404, -0.018102
7.821914, -0.430191, -0.026584
7.853522, -0.437822, -0.019917
7.881914, -0.438978, -0.016995
7.903155, -0.439360, -0.015704
7.915345, -0.437209, -0.016555
7.963542, -0.444047, -0.023222
8.004704, -0.440992, -0.015350
8.028195, -0.448070, -0.007918
8.046026, -0.453420, -0.006043
8.062435, -0.457530, 0.003592
8.120319, -0.464193, -0.007337
8.169307, -0.461020, 0.002626
8.189616, -0.462322, -0.000977
8.206013, -0.463738, 0.000452
8.250998, -0.467488, -0.006706
8.291855, -0.464607, 0.004836
8.311875, -0.460180, 0.009356
8.328713, -0.457252, 0.009169
8.374388, -0.456452, -0.005511
8.402262, -0.457171, -0.000531
8.419951, -0.454895, -0.001510
8.475770, -0.456385, -0.006816
8.500579, -0.452258, -0.005448
8.532366, -0.443902, -0.008221
8.557699, -0.442583, -0.008356
8.573500, -0.444040, -0.007566
8.588692, -0.438797, -0.008041
8.598925, -0.436113, -0.006544
8.610383, -0.437612, -0.008410
8.637937, -0.433225, -0.007803
8.684471, -0.427543, -0.017461
8.705764, -0.431574, -0.015635
8.738851, -0.432419, -0.015344
8.781144, -0.435076, -0.006952
8.810025, -0.433394, -0.003816
8.849651, -0.431599, -0.001151
8.903348, -0.424264, 0.020245
8.922692, -0.412618, 0.027267
8.954239, -0.404533, 0.034258
8.991100, -0.405838, 0.047148
9.024772, -0.397084, 0.049930
9.061649, -0.407948, 0.084194
9.102075, -0.396827, 0.087456
9.115512, -0.387989, 0.090086
9.154387, -0.377149, 0.111143
9.191146, -0.371165, 0.116635
9.213775, -0.363587, 0.125262
9.243919, -0.349506, 0.135011
9.270148, -0.333251, 0.147195
9.297012, -0.313087, 0.149202
9.320537, -0.308397, 0.153641
9.335688, -0.311668, 0.180080
9.368882, -0.299326, 0.197063
9.377977, -0.288885, 0.217448
9.402867, -0.278124, 0.234712
9.434513, -0.263081, 0.262792
9.460447, -0.245166, 0.284023
9.498972, -0.222409, 0.314759
9.526964, -0.211507, 0.347944
9.550744, -0.205425, 0.369997
9.591121, -0.181830, 0.405323
9.619252, -0.162453, 0.436874
9.637841, -0.145116, 0.458939
9.657886, -0.125759, 0.486368
9.686022, -0.107818, 0.513610
9.708549, -0.096467, 0.542029
9.724912, -0.070013, 0.558665
9.749594, -0.052400, 0.589737
9.769797, -0.034510, 0.609964
9.785845, -0.007763, 0.635619
9.797879, 0.021441, 0.672907
9.812816, 0.049631, 0.678652
9.850252, 0.066861, 0.733093
9.850230, 0.092168, 0.728474
9.851878, 0.126429, 0.734601
9.864242, 0.152441, 0.769152
9.888388, 0.168819, 0.802707
9.904593, 0.190294, 0.816127
9.930432, 0.206689, 0.849105
9.939669, 0.234589, 0.861862
9.955753, 0.270016, 0.898038
9.949779, 0.297359, 0.900437
9.960177, 0.323918, 0.931985
9.985994, 0.359527, 0.966792
9.988142, 0.380893, 0.978142
9.986472, 0.412147, 0.986245
9.984628, 0.435545, 1.019288
9.986089, 0.466904, 1.022208
10.011815, 0.496381, 1.061648
10.001304, 0.531174, 1.074850
10.006736, 0.555809, 1.095047
10.022356, 0.590383, 1.124565
10.014912, 0.616512, 1.140559
10.015481, 0.650988, 1.153543
10.024219, 0.678908, 1.179098
10.035282, 0.718506, 1.210885
10.035847, 0.748224, 1.223216
10.033981, 0.777504, 1.253764
10.045267, 0.810030, 1.264203
10.038206, 0.841835, 1.291368
10.033951, 0.865123, 1.290303
10.039322, 0.902973, 1.340701
10.058315, 0.937764, 1.368701
10.050630, 0.967715, 1.392950
10.054382, 1.001433, 1.426291
10.059798, 1.039995, 1.449648
10.051644, 1.070310, 1.454130
10.043620, 1.098269, 1.478518
10.058250, 1.120722, 1.523148
10.055669, 1.158611, 1.526921
10.026755, 1.199860, 1.537456
10.012377, 1.237972, 1.560877
10.006481, 1.268304, 1.577131
10.010137, 1.304181, 1.605894
9.982642, 1.340120, 1.613432
9.986860, 1.364097, 1.631184
9.975076, 1.406651, 1.629499
9.965630, 1.447852, 1.625321
9.966496, 1.475982, 1.626685
9.956314, 1.514510, 1.622250
9.946220, 1.551027, 1.621250
9.950380, 1.595855, 1.625570
9.947867, 1.634647, 1.631249
9.943571, 1.666199, 1.630484
9.940436, 1.699572, 1.632425
9.922566, 1.738598, 1.624639
9.922373, 1.767244, 1.624384
9.933063, 1.797545, 1.640269
9.944836, 1.820051, 1.641583
9.935778, 1.846852, 1.618337
9.922769, 1.878059, 1.611826
9.914157, 1.896888, 1.610477
9.912626, 1.922914, 1.610109
9.921379, 1.950088, 1.617256
9.924083, 1.976019, 1.612565
9.928087, 1.996792, 1.615896
9.917092, 2.028556, 1.611692
9.913479, 2.052611, 1.612410
9.912269, 2.083296, 1.616535
9.919745, 2.114654, 1.620648
9.907609, 2.142291, 1.611515
9.925957, 2.171298, 1.632152
9.934893, 2.213758, 1.637632
9.932002, 2.258336, 1.638719
9.949310, 2.314479, 1.645230
9.951937, 2.363847, 1.647339
9.945170, 2.411459, 1.644828
9.936828, 2.449409, 1.644540
9.929027, 2.485157, 1.640919
9.946876, 2.530806, 1.647905
9.949125, 2.579779, 1.648364
9.950415, 2.622776, 1.649224
9.949566, 2.665513, 1.650194
9.946848, 2.706454, 1.650079
9.943183, 2.749816, 1.653601
9.939996, 2.791346, 1.653933
9.940005, 2.822489, 1.659927
9.934239, 2.867089, 1.656011
9.934064, 2.904446, 1.656667
9.928232, 2.949223, 1.657874
9.922104, 2.989634, 1.657926
9.916179, 3.022802, 1.655281
9.908869, 3.059824, 1.655040
9.907218, 3.093212, 1.655011
9.903980, 3.120997, 1.654258
9.900221, 3.148775, 1.652644
9.897922, 3.186846, 1.648010
9.893513, 3.228761, 1.643879
9.892556, 3.268837, 1.646048
9.890063, 3.305479, 1.646907
9.888520, 3.341458, 1.647450
9.885280, 3.396268, 1.644916
9.882419, 3.440870, 1.643732
9.882776, 3.476942, 1.643554
9.869203, 3.513013, 1.640892
9.875566, 3.550448, 1.642627
9.867615, 3.580656, 1.639234
9.866514, 3.607858, 1.639855
9.866175, 3.643107, 1.639804
9.864902, 3.677647, 1.641916
9.859780, 3.717689, 1.624961
9.856563, 3.760243, 1.620932
9.862340, 3.812478, 1.613848
9.860407, 3.854541, 1.614993
9.859330, 3.893224, 1.610352
9.871145, 3.925495, 1.609080
9.885900, 3.959728, 1.611489
9.895988, 3.998053, 1.606041
9.902792, 4.041275, 1.602733
9.896891, 4.082084, 1.589592
9.894452, 4.122433, 1.586683
9.887491, 4.165898, 1.578032
9.896605, 4.211011, 1.582205
9.903676, 4.256672, 1.582051
9.902982, 4.299589, 1.561949
9.912155, 4.341356, 1.581739
9.915544, 4.382932, 1.586036
9.921142, 4.417873, 1.592802
9.924941, 4.456762, 1.595851
9.925568, 4.495824, 1.596634
9.925841, 4.531444, 1.597540
9.925360, 4.566017, 1.593560
9.942583, 4.615346, 1.591604
9.953941, 4.657654, 1.597671
9.953926, 4.695268, 1.599169
9.951776, 4.725029, 1.599096
9.940005, 4.766262, 1.576431
9.932835, 4.809782, 1.574310
9.928321, 4.851501, 1.569260
9.935599, 4.897067, 1.566404
9.938546, 4.944189, 1.569078
9.944294, 4.977100, 1.574126
9.948319, 5.019369, 1.577183
9.954389, 5.066156, 1.576795
9.959663, 5.107780, 1.583321
9.960787, 5.141424, 1.583587
9.964481, 5.174121, 1.584305
9.967500, 5.212810, 1.584865
9.959081, 5.257786, 1.559229
9.955321, 5.299272, 1.557911
9.958290, 5.342400, 1.560630
9.956645, 5.389958, 1.559636
9.964430, 5.438573, 1.567278
9.966672, 5.474832, 1.567756
9.969509, 5.509690, 1.572054
9.975530, 5.546400, 1.574485
9.976452, 5.582203, 1.574918
9.976978, 5.612876, 1.573675
9.976775, 5.647489, 1.575269
9.974534, 5.699118, 1.551617
9.977785, 5.744295, 1.555169
9.976962, 5.784588, 1.555858
9.983793, 5.829187, 1.556235
9.985624, 5.864861, 1.559695
9.993219, 5.904207, 1.566661
9.995903, 5.940708, 1.569150
10.004831, 5.977355, 1.574424
10.005242, 6.021265, 1.545773
10.006736, 6.069118, 1.548822
10.007630, 6.107610, 1.552427
10.011821, 6.151904, 1.560771
10.018520, 6.191541, 1.567541
10.025833, 6.232053, 1.574829
10.029289, 6.283444, 1.547398
10.035172, 6.330727, 1.553618
10.035352, 6.369942, 1.559908
10.041350, 6.408323, 1.567701
10.042314, 6.440898, 1.571380
10.040747, 6.475453, 1.568418
10.041583, 6.507597, 1.574264
10.042081, 6.546845, 1.548757
10.041733, 6.579267, 1.552999
10.043687, 6.613640, 1.559192
10.041053, 6.643622, 1.559247
10.044439, 6.691755, 1.534104
10.045714, 6.729592, 1.542872
10.047999, 6.767427, 1.550659
10.052324, 6.806227, 1.554005
10.054834, 6.846367, 1.529267
10.058455, 6.887914, 1.537006
10.059462, 6.924086, 1.542217
10.070545, 6.962474, 1.519979
10.073513, 6.997270, 1.529210
10.071811, 7.031030, 1.532026
10.066522, 7.058916, 1.536664
10.073412, 7.095615, 1.511271
10.059705, 7.132506, 1.551018
10.050329, 7.163372, 1.558328
10.053239, 7.209640, 1.514503
10.050061, 7.249791, 1.524701
10.049014, 7.280546, 1.532681
10.047525, 7.301298, 1.532226
10.056740, 7.334003, 1.519229
10.060751, 7.359832, 1.524402
10.063496, 7.384838, 1.527155
10.061965, 7.407512, 1.529120
10.065966, 7.434362, 1.526058
10.076152, 7.464570, 1.525919
10.078624, 7.486293, 1.532932
10.062635, 7.516164, 1.539648
10.057311, 7.544129, 1.543720
10.058935, 7.567450, 1.547974
10.063517, 7.589659, 1.548110
10.064447, 7.619309, 1.543935
10.065930, 7.648887, 1.547859
10.074624, 7.678118, 1.552654
10.064058, 7.714149, 1.555563
10.053928, 7.747876, 1.554871
10.052032, 7.780297, 1.564315
10.051861, 7.812640, 1.578231
10.036111, 7.855284, 1.597188
10.023965, 7.890454, 1.595524
10.020678, 7.925788, 1.612920
10.012129, 7.965507, 1.652907
10.006825, 7.997600, 1.645199
9.999103, 8.039720, 1.697262
9.993405, 8.067514, 1.711734
9.983820, 8.099282, 1.729755
9.971916, 8.129473, 1.753622
9.968904, 8.164644, 1.787754
9.973274, 8.194917, 1.806868
9.956017, 8.232037, 1.841232
9.938195, 8.260448, 1.856523
9.925292, 8.281821, 1.856890
9.914878, 8.302433, 1.880479
9.899447, 8.330470, 1.892434
9.884061, 8.357383, 1.917281
9.864383, 8.377960, 1.941460
9.846045, 8.406893, 1.949786
9.836189, 8.436728, 1.975035
9.819355, 8.464199, 1.992301
9.794076, 8.491314, 2.026109
9.774786, 8.521105, 2.065811
9.756224, 8.548419, 2.078884
9.730483, 8.576281, 2.124273
9.704586, 8.599530, 2.156410
9.687868, 8.627321, 2.203183
9.663352, 8.648564, 2.228379
9.644181, 8.676430, 2.266200
9.651610, 8.693321, 2.289027
9.616073, 8.715136, 2.322886
9.589357, 8.732733, 2.354142
9.582594, 8.752964, 2.382686
9.553181, 8.770712, 2.412157
9.521587, 8.788376, 2.438866
9.472646, 8.811494, 2.478202
9.462060, 8.826392, 2.520957
9.444438, 8.836307, 2.538251
9.417930, 8.844571, 2.558096
9.375239, 8.855580, 2.584299
9.329179, 8.866786, 2.624149
9.278623, 8.873876, 2.667442
9.232821, 8.883976, 2.692885
9.201176, 8.885132, 2.732765
9.150199, 8.883873, 2.768657
9.108294, 8.896960, 2.796658
9.049808, 8.897530, 2.831217
8.985666, 8.897822, 2.870701
8.919278, 8.898585, 2.892346
8.850954, 8.903831, 2.926307
8.797755, 8.903630, 2.955691
8.754594, 8.909223, 2.978837
8.707808, 8.912951, 3.001586
8.672209, 8.910678, 3.015492
8.620309, 8.906832, 3.020230
8.571025, 8.904109, 3.040328
8.533177, 8.905517, 3.056749
8.492893, 8.907155, 3.070471
8.452054, 8.906736, 3.087347
8.420786, 8.910314, 3.101662
8.395010, 8.911556, 3.122888
8.363239, 8.906789, -3.139416
8.313400, 8.903151, -3.128788
8.272581, 8.900763, -3.118405
8.236402, 8.894865, -3.111180
8.245940, 8.888411, -3.095109
8.231067, 8.883693, -3.094684
8.209608, 8.882773, -3.095018
8.143249, 8.872453, -3.103377
8.110838, 8.865349, -3.104219
8.060722, 8.863722, -3.105210
8.035310, 8.858754, -3.109287
7.989997, 8.853822, -3.115511
7.939423, 8.851573, -3.114337
7.896972, 8.853577, -3.110706
7.860931, 8.854946, -3.108067
7.833323, 8.853919, -3.106005
7.801355, 8.856518, -3.104749
7.730381, 8.849658, -3.106220
7.674171, 8.842195, -3.107965
7.630917, 8.839337, -3.107532
7.599382, 8.840448, -3.107243
7.560721, 8.838073, -3.106449
7.528918, 8.838407, -3.104499
7.498877, 8.838473, -3.104127
7.447648, 8.836114, -3.105022
7.418173, 8.834961, -3.102952
7.386047, 8.832264, -3.100602
7.372700, 8.830486, -3.101992
7.325764, 8.830388, -3.100511
7.277526, 8.832974, -3.097861
7.241856, 8.828655, -3.096704
7.204980, 8.827754, -3.094446
7.188942, 8.827766, -3.095915
7.145978, 8.828773, -3.096344
7.116525, 8.827250, -3.098428
7.068316, 8.827229, -3.099358
7.050865, 8.828746, -3.097346
7.031889, 8.827042, -3.099466
7.002196, 8.825041, -3.091461
6.983186, 8.828667, -3.081646
6.943723, 8.827905, -3.083427
6.894570, 8.819901, -3.084668
6.841721, 8.815650, -3.088649
6.819981, 8.817434, -3.087758
6.803652, 8.821137, -3.087777
6.775649, 8.819082, -3.094564
6.738390, 8.816360, -3.098377
6.699441, 8.818521, -3.101135
6.612624, 8.817710, -3.107302
6.522555, 8.820391, -3.111205
6.508588, 8.822976, -3.108769
6.470917, 8.822925, -3.109565
6.458658, 8.824529, -3.109738
6.382107, 8.825016, -3.109317
6.348246, 8.825204, -3.109997
6.319786, 8.826220, -3.105183
6.269996, 8.821842, -3.104763
6.237663, 8.821500, -3.110628
6.202337, 8.818983, -3.113261
6.203482, 8.821643, -3.112537
6.179829, 8.820151, -3.114600
6.161477, 8.820382, -3.115447
6.118685, 8.820645, -3.117812
6.055698, 8.822669, -3.118584
6.008101, 8.818859, -3.120455
5.939230, 8.819577, -3.125791
5.906032, 8.821606, -3.123164
5.861028, 8.816560, -3.125966
5.819530, 8.817404, -3.126965
5.765190, 8.822251, -3.128698
5.740073, 8.825521, -3.126422
5.685833, 8.827651, -3.125072
5.691007, 8.826290, -3.127781
5.634603, 8.828098, -3.126421
5.600259, 8.831065, -3.127617
5.567433, 8.831689, -3.129042
5.544461, 8.834224, -3.130169
5.492880, 8.837818, -3.126854
5.460682, 8.838343, -3.130663
5.404675, 8.841498, -3.129023
5.362123, 8.844963, -3.132811
5.317722, 8.842678, -3.132098
5.294247, 8.843261, -3.129932
5.243763, 8.843209, -3.130547
5.227129, 8.842492, -3.132436
5.190069, 8.844849, -3.132409
5.121179, 8.844547, -3.135123
5.065358, 8.843955, -3.138573
5.004365, 8.845700, -3.141147
4.956133, 8.845945, 3.132914
4.947989, 8.845693, 3.130248
4.939614, 8.848020, 3.128787
4.884185, 8.847489, 3.125448
4.837558, 8.845613, 3.130647
4.794554, 8.846456, 3.127188
4.748169, 8.843395, 3.116293
4.692013, 8.839095, 3.111647
4.642435, 8.847784, 3.119241
4.619670, 8.853855, 3.121034
4.592423, 8.854254, 3.121436
4.570001, 8.852797, 3.117779
4.550123, 8.855073, 3.119602
4.536711, 8.854965, 3.130021
4.517520, 8.854709, 3.135034
4.516856, 8.849558, -3.128726
4.473860, 8.852756, -3.121077
4.415851, 8.850354, -3.126053
4.343450, 8.850475, -3.126123
4.328048, 8.852670, -3.124381
4.284157, 8.851314, -3.123815
4.257473, 8.852808, -3.117168
4.230226, 8.850155, -3.116963
4.219094, 8.846116, -3.122828
4.169028, 8.850984, -3.113787
4.139692, 8.855711, -3.111812
4.124383, 8.854976, -3.114127
4.037726, 8.854661, -3.115057
3.978167, 8.855376, -3.111097
3.947245, 8.850875, -3.118272
3.901145, 8.848038, -3.119373
3.848323, 8.852551, -3.109358
3.832318, 8.854273, -3.110259
3.831197, 8.853694, -3.115807
3.792530, 8.849909, -3.115716
3.726214, 8.848305, -3.117648
3.699985, 8.847165, -3.118429
3.689110, 8.847279, -3.119863
3.666085, 8.847104, -3.118893
3.597114, 8.846024, -3.115879
3.487686, 8.849953, -3.112683
3.480277, 8.848200, -3.113813
3.427600, 8.848417, -3.107345
3.409423, 8.840788, -3.116699
3.388917, 8.838471, -3.120382
3.375128, 8.832746, -3.120487
3.388033, 8.829317, -3.116015
3.342187, 8.828128, -3.113755
3.300605, 8.828881, -3.114087
3.290798, 8.826420, -3.115683
3.284342, 8.824305, -3.114204
3.257771, 8.821964, -3.115828
3.255146, 8.825990, -3.116604
3.197127, 8.820797, -3.119745
3.168306, 8.820314, -3.121408
3.074451, 8.818817, -3.127798
3.032714, 8.829301, -3.118728
3.028827, 8.823862, -3.129570
2.981476, 8.820604, -3.131422
2.905213, 8.815490, -3.131957
2.896797, 8.819402, -3.128861
2.907041, 8.820823, -3.128495
2.839231, 8.822177, -3.131658
2.812075, 8.824190, -3.134596
2.752555, 8.824295, -3.136228
2.743624, 8.822150, -3.138846
2.743445, 8.820507, -3.140996
2.702008, 8.822539, 3.139673
2.669806, 8.825757, 3.134742
2.681103, 8.827923, 3.136747
2.611727, 8.829576, 3.129615
2.580231, 8.833627, 3.131197
2.520170, 8.836260, 3.131816
2.512504, 8.841819, 3.129735
2.453280, 8.844383, 3.130776
2.397681, 8.847080, 3.126468
2.339678, 8.851653, 3.127376
2.324045, 8.853190, 3.124278
2.270469, 8.857119, 3.120221
2.260253, 8.859916, 3.120652
2.133302, 8.860471, 3.118641
2.083104, 8.865132, 3.118811
2.025184, 8.867652, 3.118332
2.018113, 8.873139, 3.119410
1.952673, 8.877091, 3.119620
1.863594, 8.877007, 3.118632
1.819647, 8.879149, 3.118136
1.802817, 8.880819, 3.118454
1.782892, 8.885238, 3.119221
1.692152, 8.891102, 3.120205
1.620116, 8.890640, 3.121284
1.505870, 8.891218, 3.121994
1.506314, 8.890214, 3.121931
1.486108, 8.888637, 3.121185
1.438705, 8.887301, 3.123377
1.450569, 8.888094, 3.132343
1.353429, 8.892774, 3.133734
1.324163, 8.886165, 3.136594
1.192880, 8.889694, -3.140032
1.181028, 8.887152, -3.139409
1.188243, 8.888906, -3.137216
1.204423, 8.893728, -3.132218
1.175324, 8.889178, -3.132534
1.093534, 8.890473, -3.133657
1.028300, 8.886519, -3.134206
1.091922, 8.885223, -3.134411
1.037519, 8.884866, -3.135250
0.986482, 8.882813, -3.137147
0.967802, 8.884132, -3.134757
0.969305, 8.885612, -3.135953
0.946434, 8.884741, -3.134226
0.918226, 8.879817, -3.135088
0.926021, 8.882020, -3.134470
0.850076, 8.885830, -3.132315
0.819011, 8.888530, -3.131906
0.802293, 8.888602, -3.131184
0.765650, 8.889512, -3.133449
0.648163, 8.896385, -3.130080
0.636695, 8.901684, -3.126290
0.668114, 8.902190, -3.125495
0.576726, 8.899663, -3.125688
0.552930, 8.904080, -3.126211
0.450823, 8.907715, -3.124730
0.451707, 8.904821, -3.124731
0.382698, 8.903731, -3.126148
0.349420, 8.904632, -3.127813
0.362870, 8.898903, -3.133551
0.323631, 8.899188, -3.135207
0.284741, 8.900379, -3.133444
0.283828, 8.903467, -3.131317
0.239294, 8.905997, -3.128739
0.198142, 8.907296, -3.129875
0.202354, 8.909238, -3.129677
0.227517, 8.908463, -3.130895
0.226591, 8.907343, -3.136238
0.207381, 8.907406, -3.136224
0.281139, 8.907866, -3.139019
0.228579, 8.904941, -3.140738
0.125699, 8.907186, -3.140078
0.115298, 8.905849, -3.141332
0.048527, 8.906170, 3.139307
-0.036565, 8.908420, 3.139865
-0.066190, 8.917486, -3.140704
-0.086751, 8.915930, 3.140503
-0.098547, 8.919138, -3.140526
-0.135857, 8.914916, 3.141450
-0.130780, 8.916382, -3.138575
-0.108438, 8.916807, -3.139781
-0.143425, 8.915830, -3.138768
-0.047945, 8.918009, -3.134433
-0.008420, 8.919344, -3.132066
-0.050588, 8.917597, -3.133142
-0.075409, 8.920112, -3.131301
-0.151504, 8.922168, -3.129461
-0.175460, 8.927262, -3.127086
-0.193383, 8.925537, -3.126765
-0.107529, 8.924247, -3.128461
-0.216423, 8.926683, -3.123598
-0.313600, 8.929594, -3.119934
-0.287179, 8.930324, -3.117914
-0.386529, 8.930772, -3.117062
-0.446172, 8.936438, -3.115576
-0.528843, 8.938243, -3.116882
-0.560823, 8.938735, -3.119548
-0.602384, 8.935162, -3.121825
-0.676453, 8.931633, -3.126335
-0.736057, 8.931240, -3.128715
-0.649807, 8.928127, -3.128809
-0.661863, 8.924393, -3.130822
-0.613840, 8.924746, -3.133939
-0.634768, 8.924722, -3.132948
-0.723870, 8.927304, -3.136470
-0.787462, 8.929716, -3.134366
-0.877797, 8.930303, -3.138339
-0.865039, 8.927213, -3.138070
-0.882425, 8.924898, -3.139825
-0.952423, 8.922252, -3.137390
-1.025611, 8.922635, -3.136874
-0.974728, 8.922848, -3.135176
-1.038682, 8.926420, -3.134144
-1.091311, 8.926403, -3.131948
-1.125670, 8.926899, -3.128868
-1.184060, 8.926586, -3.128179
-1.203670, 8.927677, -3.128086
-1.252583, 8.926754, -3.129071
-1.209911, 8.920862, -3.128837
-1.244755, 8.921671, -3.128289
-1.267450, 8.918290, -3.128380
-1.219363, 8.916011, -3.128865
-1.344325, 8.917220, -3.128657
-1.252824, 8.920812, -3.124931
-1.418364, 8.920330, -3.129305
-1.468820, 8.918497, -3.130633
-1.445767, 8.915146, -3.130393
-1.462342, 8.914707, -3.131743
-1.560704, 8.912221, -3.133339
-1.723751, 8.913461, -3.135964
-1.855655, 8.912071, -3.133196
-1.804476, 8.913350, -3.133357
-1.741120, 8.914829, -3.131705
-1.775895, 8.912039, -3.131310
-1.814544, 8.914141, -3.128078
-1.885083, 8.916034, -3.127158
-1.894252, 8.916914, -3.128269
-1.897980, 8.918339, -3.128710
-2.000390, 8.915664, -3.128120
-2.182060, 8.917195, -3.125311
-2.144396, 8.915730, -3.129360
-2.292008, 8.915034, -3.129345
-2.412495, 8.915647, -3.128383
-2.483832, 8.914961, -3.129016
-2.502862, 8.915220, -3.127886
-2.592437, 8.916893, -3.128460
-2.550562, 8.914986, -3.126194
-2.529001, 8.914811, -3.123605
-2.609284, 8.917184, -3.125518
-2.603970, 8.915463, -3.126356
-2.613414, 8.914120, -3.125358
-2.658396, 8.916248, -3.124225
-2.667255, 8.917822, -3.122847
-2.728253, 8.917079, -3.121793
-2.786217, 8.916011, -3.120481
-2.862187, 8.915206, -3.119811
-2.921307, 8.917000, -3.120334
-3.048521, 8.918388, -3.119108
-3.040952, 8.917455, -3.120392
-3.111292, 8.919351, -3.119444
-3.140143, 8.918749, -3.120498
-3.314715, 8.915337, -3.120122
-3.408641, 8.917163, -3.119941
-3.364165, 8.912930, -3.115961
-3.415376, 8.913431, -3.115254
-3.525586, 8.917364, -3.113577
-3.564326, 8.919142, -3.113948
-3.715668, 8.921609, -3.112158
-3.762424, 8.920320, -3.112363
-3.780592, 8.917662, -3.112195
-3.810028, 8.918912, -3.111350
-3.832833, 8.911807, -3.114175
-3.778500, 8.910310, -3.112971
-3.690578, 8.909753, -3.107515
-3.758992, 8.911029, -3.109296
-3.714608, 8.910043, -3.107242
-3.878394, 8.908318, -3.110109
-3.680793, 8.910593, -3.109935
-3.633567, 8.911366, -3.110118
-3.499308, 8.909917, -3.113353
-3.338254, 8.911807, -3.111549
-3.187686, 8.908295, -3.112675
-3.228292, 8.897619, -3.097803
-3.195808, 8.897207, -3.096099
-3.237300, 8.894640, -3.097388
-3.233612, 8.896759, -3.097728
-3.212564, 8.894310, -3.101538
-3.220127, 8.895755, -3.104118
-3.277953, 8.893544, -3.106485
-3.376399, 8.892286, -3.108324
-3.399489, 8.888506, -3.108746
-3.481044, 8.888437, -3.111602
-3.509838, 8.886989, -3.116087
-3.548948, 8.890230, -3.115067
-3.641904, 8.887650, -3.115349
-3.617292, 8.886942, -3.119193
-3.626578, 8.886529, -3.118294
-3.707566, 8.884579, -3.118507
-3.744698, 8.886932, -3.114059
-3.826492, 8.881777, -3.113035
-3.857147, 8.883617, -3.113809
-3.888434, 8.884085, -3.111536
-3.893461, 8.883768, -3.109628
-3.961454, 8.882964, -3.107019
-3.927795, 8.883411, -3.106547
-3.927129, 8.883104, -3.105319
-3.919546, 8.884113, -3.103544
-3.978178, 8.882215, -3.103717
-4.004471, 8.879287, -3.104180
-4.047582, 8.876230, -3.104793
-4.021937, 8.877108, -3.101773
-4.040031, 8.879130, -3.101684
-4.047428, 8.881769, -3.101669
-4.048304, 8.884763, -3.101027
-4.078557, 8.885003, -3.101004
-4.098738, 8.884825, -3.103285
-4.145029, 8.885713, -3.102714
-4.222416, 8.885512, -3.106025
-4.382259, 8.881752, -3.114968
-4.528945, 8.880118, -3.114604
-4.665351, 8.880091, -3.115630
-4.815169, 8.879800, -3.114897
-4.931059, 8.879758, -3.113526
-5.012538, 8.880156, -3.113272
-5.076956, 8.877161, -3.114891
-5.123586, 8.874311, -3.115606
-5.164365, 8.875237, -3.115130
-5.213159, 8.876898, -3.116215
-5.231518, 8.879146, -3.114669
-5.285068, 8.879782, -3.115360
-5.331223, 8.879288, -3.116390
-5.352625, 8.879254, -3.117317
-5.419755, 8.878775, -3.115526
-5.448369, 8.877925, -3.114934
-5.457965, 8.874345, -3.114699
-5.476612, 8.874394, -3.116163
-5.517095, 8.877106, -3.114595
-5.589022, 8.877324, -3.119383
-5.626104, 8.879291, -3.119931
-5.659904, 8.880336, -3.120293
-5.680350, 8.887969, -3.118912
-5.699805, 8.888956, -3.119751
-5.742387, 8.890050, -3.119247
-5.778204, 8.892117, -3.120580
-5.819987, 8.892684, -3.120046
-5.852148, 8.892669, -3.120358
-5.880474, 8.894728, -3.119507
-5.922117, 8.892184, -3.119988
-5.962287, 8.897124, -3.120143
-5.995751, 8.901806, -3.119144
-6.034395, 8.899827, -3.120028
-6.071948, 8.904024, -3.119371
-6.113178, 8.903448, -3.118130
-6.147257, 8.900734, -3.120254
-6.209541, 8.902134, -3.118971
-6.249540, 8.903523, -3.122829
-6.297139, 8.902138, -3.121380
-6.313225, 8.905092, -3.119354
-6.320702, 8.907592, -3.118224
-6.331847, 8.908513, -3.118842
-6.355245, 8.911150, -3.117846
-6.396100, 8.908815, -3.116928
-6.433925, 8.911762, -3.116317
-6.467502, 8.909414, -3.117904
-6.503584, 8.906869, -3.117148
-6.529746, 8.905550, -3.118327
-6.579599, 8.907297, -3.117895
-6.615711, 8.907081, -3.116773
-6.655217, 8.905494, -3.114306
-6.705090, 8.905296, -3.113933
-6.744891, 8.905117, -3.113797
-6.786575, 8.905457, -3.114057
-6.844943, 8.901199, -3.116742
-6.884000, 8.897374, -3.115794
-6.895754, 8.889614, -3.118816
-6.902612, 8.889613, -3.119601
-6.954274, 8.892122, -3.116878
-6.967991, 8.890091, -3.118440
-6.985146, 8.888124, -3.115969
-7.009899, 8.889798, -3.116100
-7.047135, 8.890452, -3.115153
-7.070899, 8.891541, -3.115118
-7.117438, 8.894807, -3.112704
-7.126874, 8.897058, -3.116212
-7.155197, 8.902486, -3.117626
-7.210158, 8.901009, -3.130068
-7.250366, 8.902778, -3.123684
-7.291469, 8.900264, -3.132295
-7.332406, 8.906051, -3.128625
-7.372364, 8.908191, -3.135113
-7.423037, 8.914845, -3.132073
-7.472862, 8.917908, -3.131876
-7.496951, 8.922144, -3.132374
-7.544790, 8.925047, -3.130762
-7.589242, 8.930046, -3.133072
-7.618850, 8.933442, -3.131785
-7.660601, 8.933997, -3.132026
-7.690162, 8.931562, -3.131143
-7.724656, 8.931769, -3.130036
-7.759369, 8.935010, -3.131423
-7.801145, 8.936362, -3.124064
-7.838088, 8.934818, -3.124450
-7.892813, 8.934656, -3.121621
-7.933968, 8.932942, -3.119199
-7.973740, 8.929969, -3.123400
-8.011676, 8.933435, -3.121236
-8.055823, 8.933299, -3.119905
-8.078271, 8.930965, -3.121636
-8.094562, 8.930250, -3.122474
-8.117189, 8.932763, -3.125629
-8.145967, 8.932123, -3.127887
-8.176864, 8.931752, -3.128330
-8.214273, 8.932036, -3.130202
-8.250109, 8.936400, -3.132629
-8.283561, 8.936741, -3.132516
-8.309259, 8.936678, -3.138376
-8.353245, 8.940511, -3.140712
-8.409594, 8.940786, 3.131908
-8.452838, 8.939734, -3.141130
-8.508943, 8.944284, -3.137948
-8.554185, 8.946012, -3.135520
-8.615846, 8.944853, 3.135159
-8.657514, 8.948756, -3.137269
-8.672271, 8.948188, -3.137207
-8.697293, 8.953509, -3.134109
-8.706140, 8.956886, -3.136334
-8.744635, 8.956111, -3.137443
-8.779681, 8.955209, -3.137423
-8.814938, 8.955679, 3.135797
-8.851572, 8.959736, -3.137532
-8.895634, 8.958578, 3.138423
-8.933382, 8.959130, 3.135290
-8.946983, 8.961697, 3.139332
-8.967727, 8.962278, 3.138716
-8.981881, 8.964490, 3.140302
-9.030877, 8.964276, 3.138694
-9.063357, 8.966763, 3.137672
-9.084958, 8.969031, 3.140920
-9.098128, 8.971929, 3.139525
-9.101244, 8.973780, 3.140301
-9.133009, 8.975047, -3.141016
-9.180973, 8.978389, -3.140124
-9.223288, 8.979512, 3.141531
-9.263532, 8.982647, -3.140960
-9.295365, 8.980123, 3.140852
-9.373183, 8.977749, 3.121674
-9.411312, 8.979629, 3.132454
-9.431288, 8.979235, 3.133355
-9.459142, 8.978503, 3.132142
-9.479106, 8.977280, 3.127534
-9.519907, 8.978151, 3.117004
-9.558033, 8.979457, 3.116868
-9.593398, 8.986245, 3.118139
-9.630230, 8.990608, 3.121463
-9.659522, 8.993142, 3.123096
-9.671298, 8.994683, 3.123156
-9.678141, 8.996376, 3.122377
-9.700534, 8.995714, 3.122971
-9.740130, 9.000489, 3.125955
-9.774210, 9.000812, 3.125823
-9.798556, 9.003196, 3.128007
-9.826514, 9.006209, 3.128627
-9.848570, 9.006156, 3.128881
-9.873198, 9.006622, 3.127103
-9.914367, 9.009653, 3.125446
-9.970071, 9.005756, 3.106150
-9.999072, 9.005031, 3.106273
-10.020152, 9.007950, 3.109044
-10.049921, 9.009890, 3.110735
-10.092715, 9.008639, 3.108681
-10.122789, 9.011620, 3.112247
-10.154490, 9.012207, 3.114052
-10.185343, 9.013822, 3.117169
-10.216349, 9.018338, 3.118548
-10.242975, 9.020906, 3.120084
-10.277455, 9.021484, 3.120669
-10.301917, 9.022750, 3.122150
-10.323236, 9.022067, 3.122384
-10.353141, 9.024273, 3.125146
-10.374347, 9.026133, 3.127671
-10.400994, 9.025645, 3.128259
-10.431808, 9.024174, 3.127465
-10.462041, 9.023219, 3.126281
-10.486868, 9.025846, 3.127416
-10.510831, 9.024113, 3.120886
-10.553394, 9.019257, 3.101290
-10.612546, 9.018287, 3.109448
-10.669898, 9.020372, 3.136065
-10.702646, 9.024501, 3.140517
-10.732164, 9.022898, 3.141524
-10.748513, 9.023025, -3.141133
-10.775603, 9.024569, -3.138933
-10.810907, 9.025098, -3.136550
-10.847588, 9.026028, -3.134675
-10.876719, 9.028723, -3.133420
-10.903573, 9.028684, -3.133495
-10.928107, 9.031813, -3.130561
-10.955217, 9.031261, -3.131360
-10.978739, 9.032216, -3.130974
-11.020898, 9.031901, 3.128570
-11.050759, 9.032553, 3.128775
-11.084435, 9.033849, 3.131100
-11.122024, 9.035774, 3.130863
-11.152167, 9.037050, 3.132619
-11.158014, 9.038145, 3.135007
-11.168712, 9.038128, 3.134186
-11.182822, 9.038768, 3.137494
-11.227720, 9.041386, 3.109407
-11.268906, 9.042664, 3.112786
-11.299193, 9.043157, 3.117492
-11.333592, 9.041864, 3.113061
-11.361457, 9.042425, 3.117288
-11.376847, 9.041162, 3.115010
-11.408990, 9.043744, 3.123917
-11.489946, 9.042219, -3.136929
-11.532991, 9.041715, 3.129747
-11.553892, 9.040693, 3.132249
-11.580226, 9.040188, -3.140109
-11.600377, 9.040188, -3.137730
-11.604807, 9.041334, 3.136292
-11.629271, 9.040316, 3.136819
-11.649120, 9.041025, 3.136168
-11.672176, 9.038625, 3.134618
-11.691822, 9.039075, 3.132619
-11.721001, 9.041661, 3.111560
-11.778856, 9.038719, -3.138685
-11.813852, 9.037421, -3.134358
-11.848725, 9.035838, -3.130728
-11.878926, 9.033433, -3.129857
-11.916786, 9.035779, 3.131732
-11.935858, 9.037455, 3.121485
-11.951747, 9.039015, 3.122613
-12.005300, 9.035740, -3.124506
-12.031715, 9.034389, -3.117534
-12.035015, 9.031833, -3.116304
-12.063078, 9.032744, 3.130554
-12.082849, 9.033500, 3.130981
-12.101592, 9.034906, 3.132954
-12.113660, 9.040151, 3.126528
-12.134581, 9.044224, 3.118730
-12.179854, 9.043372, 3.126208
-12.205627, 9.042878, 3.122410
-12.227212, 9.043293, 3.117071
-12.241400, 9.042469, 3.117893
-12.282908, 9.040443, 3.124846
-12.307540, 9.042135, 3.119517
-12.327838, 9.045873, 3.118442
-12.384747, 9.048098, 3.117964
-12.419458, 9.053601, 3.124900
-12.446370, 9.051104, 3.134907
-12.482412, 9.043408, -3.133687
-12.530645, 9.041241, -3.121390
-12.544949, 9.037719, -3.120348
-12.569907, 9.031849, -3.108543
-12.577268, 9.029621, -3.107845
-12.603473, 9.028424, -3.089733
-12.639062, 9.024939, -3.073799
-12.668195, 9.021818, -3.054732
-12.702534, 9.016026, -3.026059
-12.738207, 9.012217, -3.022613
-12.772538, 9.008326, -3.013146
-12.827110, 8.995341, -2.984317
-12.846331, 8.983030, -2.973090
-12.880751, 8.973479, -2.957788
-12.907521, 8.967915, -2.951592
-12.919817, 8.958930, -2.953532
-12.935545, 8.947794, -2.921968
-12.973066, 8.937925, -2.904935
-13.004304, 8.922030, -2.912150
-13.018652, 8.913985, -2.897133
-13.018284, 8.915016, -2.896271
-13.061665, 8.899825, -2.861022
-13.088956, 8.891722, -2.848738
-13.108643, 8.885899, -2.844508
-13.132271, 8.868872, -2.820751
-13.173283, 8.855133, -2.800945
-13.198265, 8.832266, -2.794978
-13.226085, 8.812264, -2.783879
-13.255955, 8.797219, -2.772915
-13.282541, 8.785865, -2.758730
-13.314120, 8.766439, -2.746121
-13.351934, 8.743336, -2.724956
-13.381842, 8.719908, -2.717388
-13.401172, 8.687364, -2.702938
-13.430022, 8.657740, -2.691069
-13.465349, 8.634408, -2.677433
-13.491659, 8.620326, -2.655081
-13.519961, 8.603307, -2.642353
-13.537994, 8.589840, -2.635528
-13.538598, 8.576967, -2.633741
-13.560421, 8.574519, -2.608187
-13.593316, 8.541252, -2.576352
-13.609390, 8.507793, -2.570961
-13.627492, 8.479407, -2.562600
-13.654693, 8.451257, -2.551270
-13.674988, 8.430766, -2.526579
-13.700211, 8.409102, -2.503596
-13.707340, 8.374146, -2.483324
-13.737594, 8.348475, -2.455967
-13.759355, 8.311545, -2.447011
-13.775842, 8.297318, -2.433815
-13.811871, 8.266483, -2.367023
-13.839447, 8.238445, -2.353069
-13.837746, 8.217370, -2.349473
-13.854618, 8.191621, -2.333169
-13.877249, 8.167267, -2.303999
-13.904364, 8.137426, -2.253034
-13.914554, 8.113120, -2.238021
-13.921066, 8.082651, -2.225450
-13.942695, 8.048232, -2.169977
-13.964523, 8.019673, -2.143753
-13.960011, 7.995660, -2.148223
-13.953292, 7.989685, -2.141747
-13.963234, 7.949743, -2.100779
-13.974522, 7.913088, -2.066893
-13.985944, 7.876696, -2.055405
-13.997086, 7.828099, -2.006683
-14.008018, 7.788239, -1.974220
-14.008552, 7.737235, -1.949054
-14.023582, 7.687948, -1.912177
-14.025532, 7.639116, -1.882888
-14.034998, 7.592523, -1.843832
-14.044712, 7.546048, -1.818378
-14.013318, 7.505769, -1.811360
-14.021947, 7.468230, -1.771091
-14.021602, 7.428766, -1.744550
-13.995715, 7.401294, -1.732812
-14.000232, 7.373595, -1.696610
-14.000271, 7.342654, -1.649823
-13.966881, 7.326708, -1.658419
-13.970946, 7.312136, -1.643198
-13.959528, 7.283875, -1.591821
-13.952988, 7.254046, -1.589111
-13.947468, 7.236550, -1.584664
-13.936124, 7.224183, -1.562210
-13.916130, 7.201860, -1.534919
-13.906911, 7.173403, -1.516823
-13.898467, 7.145002, -1.482732
-13.883976, 7.115438, -1.489252
-13.883384, 7.090013, -1.484439
-13.870346, 7.068951, -1.485510
-13.868786, 7.059844, -1.482926
-13.868639, 7.022798, -1.481606
-13.870818, 6.992528, -1.473631
-13.855412, 6.955271, -1.468838
-13.847450, 6.922014, -1.470617
-13.840566, 6.902930, -1.473414
-13.840256, 6.866280, -1.473497
-13.845790, 6.835893, -1.476402
-13.845132, 6.798782, -1.486340
-13.854546, 6.768415, -1.487345
-13.847185, 6.722796, -1.493356
-13.836833, 6.682788, -1.510837
-13.836052, 6.647655, -1.514078
-13.840591, 6.619695, -1.511355
-13.842297, 6.579172, -1.513354
-13.841983, 6.552463, -1.516682
-13.841236, 6.525830, -1.518828
-13.840964, 6.503402, -1.523817
-13.842934, 6.475582, -1.540501
-13.849995, 6.429219, -1.527938
-13.847273, 6.395590, -1.539971
-13.843940, 6.362596, -1.541380
-13.842914, 6.335687, -1.528572
-13.850780, 6.301429, -1.525260
-13.850720, 6.269347, -1.527022
-13.860716, 6.234660, -1.525072
-13.849869, 6.199386, -1.529836
-13.846185, 6.170039, -1.528112
-13.846227, 6.146301, -1.528803
-13.846476, 6.109801, -1.530610
-13.835038, 6.075309, -1.531522
-13.813273, 6.018406, -1.534947
-13.809108, 5.979924, -1.538504
-13.826777, 5.946002, -1.541587
-13.813278, 5.887422, -1.539867
-13.805300, 5.845473, -1.544505
-13.819221, 5.804789, -1.542965
-13.805199, 5.758337, -1.542136
-13.806487, 5.725361, -1.542802
-13.821313, 5.691521, -1.543832
-13.811624, 5.650397, -1.538291
-13.812414, 5.604255, -1.557947
-13.800850, 5.558890, -1.558268
-13.804484, 5.523531, -1.558944
-13.799734, 5.481000, -1.559574
-13.801499, 5.448359, -1.559892
-13.804841, 5.401548, -1.560821
-13.812407, 5.366816, -1.561065
-13.815998, 5.331347, -1.556515
-13.837546, 5.302599, -1.550340
-13.823979, 5.268635, -1.556456
-13.820208, 5.223943, -1.559643
-13.830058, 5.193307, -1.558642
-13.833523, 5.153748, -1.559337
-13.815538, 5.103870, -1.565108
-13.822998, 5.059418, -1.561477
-13.820613, 5.017558, -1.565920
-13.828580, 4.968684, -1.565604
-13.830700, 4.931796, -1.565481
-13.834698, 4.891408, -1.564856
-13.842239, 4.848296, -1.569810
-13.836545, 4.811023, -1.572256
-13.829790, 4.773460, -1.575481
-13.831494, 4.724719, -1.587551
-13.828298, 4.674133, -1.589964
-13.823158, 4.621025, -1.591674
-13.824559, 4.566372, -1.594231
-13.821656, 4.526665, -1.593769
-13.819573, 4.493983, -1.595269
-13.807109, 4.459907, -1.597820
-13.806053, 4.429363, -1.596496
-13.816632, 4.398065, -1.597267
-13.820533, 4.365732, -1.593876
-13.817166, 4.337025, -1.595899
-13.813858, 4.308833, -1.604891
-13.816828, 4.272677, -1.603708
-13.817361, 4.246064, -1.606399
-13.822839, 4.197991, -1.604320
-13.823931, 4.159294, -1.605466
-13.827020, 4.118305, -1.603456
-13.827246, 4.074331, -1.602522
-13.829378, 4.033924, -1.601928
-13.834643, 3.997770, -1.598206
-13.833575, 3.965485, -1.597489
-13.838558, 3.923869, -1.594068
-13.837993, 3.881528, -1.594066
-13.835667, 3.847786, -1.593697
-13.841328, 3.802731, -1.603485
-13.856328, 3.743826, -1.596363
-13.861982, 3.699573, -1.595139
-13.858696, 3.659037, -1.598514
-13.849842, 3.621101, -1.601956
-13.848162, 3.593479, -1.604181
-13.851586, 3.554174, -1.601910
-13.843594, 3.525722, -1.601377
-13.848396, 3.491786, -1.598277
-13.851271, 3.473680, -1.599316
-13.854009, 3.432463, -1.598830
-13.860764, 3.395354, -1.596990
-13.866925, 3.351600, -1.595763
-13.870404, 3.309865, -1.591539
-13.876475, 3.262925, -1.590092
-13.873948, 3.230495, -1.592047
-13.885001, 3.179439, -1.599755
-13.905660, 3.134070, -1.589615
-13.903646, 3.107441, -1.588317
-13.906903, 3.061003, -1.585717
-13.929209, 3.013872, -1.575928
-13.917760, 2.981126, -1.580117
-13.931770, 2.938522, -1.573583
-13.938990, 2.891486, -1.568869
-13.947696, 2.848374, -1.564528
-13.957447, 2.821934, -1.558516
-13.945215, 2.773350, -1.561309
-13.952051, 2.737158, -1.556444
-13.958948, 2.703016, -1.552177
-13.970879, 2.672593, -1.548967
-13.982812, 2.617139, -1.559779
-13.983350, 2.576803, -1.555072
-13.989094, 2.546215, -1.548575
-13.998028, 2.512220, -1.542123
-13.967215, 2.469988, -1.550871
-13.967636, 2.433215, -1.548001
-13.972093, 2.404525, -1.542806
-13.977066, 2.380151, -1.541117
-13.965818, 2.341908, -1.547593
-13.949282, 2.298934, -1.554278
-13.951930, 2.230952, -1.560820
-13.949664, 2.178973, -1.557115
-13.945136, 2.138453, -1.556248
-13.946130, 2.101148, -1.551604
-13.945609, 2.069716, -1.552444
-13.943052, 2.028834, -1.554578
-13.960574, 1.973739, -1.561756
-13.956797, 1.921101, -1.559669
-13.949250, 1.886020, -1.558228
-13.945543, 1.850964, -1.561332
-13.942596, 1.811741, -1.560972
-13.955527, 1.761531, -1.564682
-13.960362, 1.727670, -1.564591
-13.956923, 1.698024, -1.566244
-13.963785, 1.668331, -1.562306
-13.961413, 1.631882, -1.566165
-13.958103, 1.590163, -1.572018
-13.965202, 1.557499, -1.564975
-13.961206, 1.522581, -1.568556
-13.970817, 1.494262, -1.566629
-13.975515, 1.452800, -1.569728
-13.976634, 1.416647, -1.569290
-13.968144, 1.385868, -1.571745
-13.967716, 1.352211, -1.569777
-13.977386, 1.313292, -1.566729
-13.984320, 1.278798, -1.562781
-13.978769, 1.245973, -1.560483
-13.971395, 1.201339, -1.563735
-13.974708, 1.162964, -1.561245
-13.971525, 1.131755, -1.559553
-13.965825, 1.096653, -1.559599
-13.970286, 1.059138, -1.559386
-13.966693, 1.028006, -1.561405
-13.967805, 0.988619, -1.563604
-13.966462, 0.963196, -1.563309
-13.965946, 0.934345, -1.564593
-13.964033, 0.901588, -1.565312
-13.962915, 0.869427, -1.565678
-13.963552, 0.846802, -1.569395
-13.964005, 0.814974, -1.564990
-13.965125, 0.779626, -1.563828
-13.969924, 0.740898, -1.548656
-13.970310, 0.707671, -1.521539
-13.972093, 0.673936, -1.502423
-13.963226, 0.641067, -1.483735
-13.938342, 0.607181, -1.414908
-13.924161, 0.552764, -1.391129
-13.913909, 0.514904, -1.362668
-13.897870, 0.483797, -1.310114
-13.878100, 0.445164, -1.257320
-13.859585, 0.413943, -1.236568
-13.836449, 0.379777, -1.183680
-13.796528, 0.354303, -1.153616
-13.769438, 0.328482, -1.137413
-13.745417, 0.295582, -1.109145
-13.709411, 0.265828, -1.080272
-13.684708, 0.239889, -1.066233
-13.658641, 0.206922, -1.033879
-13.629786, 0.172845, -1.002883
-13.612885, 0.146951, -0.989792
-13.580533, 0.114473, -0.960926
-13.553467, 0.088503, -0.948356
-13.524185, 0.065997, -0.910443
-13.485116, 0.038045, -0.885567
-13.457131, 0.016123, -0.869617
-13.420757, -0.004993, -0.832768
-13.371155, -0.022301, -0.801932
-13.344591, -0.046024, -0.782209
-13.318962, -0.064152, -0.768400
-13.285931, -0.076737, -0.751499
-13.249578, -0.094500, -0.713988
-13.197947, -0.101281, -0.681691
-13.168624, -0.115091, -0.661296
-13.119907, -0.124915, -0.627510
-13.082252, -0.136397, -0.588626
-13.052614, -0.146648, -0.567907
-13.008187, -0.155197, -0.537678
-12.957694, -0.167373, -0.494621
-12.917535, -0.167765, -0.481250
-12.849795, -0.172087, -0.439033
-12.778161, -0.181682, -0.398396
-12.714066, -0.184038, -0.387270
-12.640176, -0.195603, -0.349946
-12.590826, -0.199627, -0.317727
-12.527085, -0.206239, -0.302758
-12.470655, -0.213640, -0.269426
-12.443763, -0.217557, -0.254302
-12.425537, -0.229316, -0.217455
-12.421939, -0.240062, -0.212604
-12.406238, -0.247487, -0.166352
-12.401365, -0.250470, -0.146984
-12.374360, -0.245094, -0.133680
-12.314405, -0.239360, -0.104995
-12.310844, -0.240424, -0.063706
-12.290457, -0.245359, -0.041311
-12.272577, -0.238962, -0.014152
-12.239284, -0.233477, 0.025874
-12.221618, -0.228228, 0.037947
-12.178087, -0.228461, 0.057452
-12.114238, -0.219440, 0.052040
-12.059194, -0.213831, 0.051941
-12.014370, -0.206152, 0.053411
-11.968061, -0.202305, 0.057213
-11.924592, -0.198324, 0.062695
-11.883778, -0.191765, 0.061192
-11.848913, -0.186337, 0.062703
-11.808834, -0.181685, 0.063240
-11.759004, -0.181143, 0.068418
-11.716561, -0.179906, 0.072263
-11.680815, -0.175786, 0.075412
-11.641621, -0.170830, 0.075454
-11.611604, -0.169607, 0.076302
-11.568093, -0.165052, 0.073059
-11.543099, -0.159377, 0.070601
-11.495042, -0.154286, 0.068126
-11.459664, -0.151173, 0.067003
-11.432398, -0.151142, 0.064796
-11.390757, -0.149722, 0.061622
-11.350053, -0.146674, 0.061213
-11.305251, -0.147728, 0.059419
-11.278338, -0.143626, 0.058143
-11.255197, -0.141061, 0.059660
-11.207509, -0.136300, 0.060100
-11.175670, -0.133659, 0.058743
-11.120829, -0.132453, 0.059280
-11.078722, -0.133763, 0.064087
-11.047864, -0.134749, 0.064618
-11.007256, -0.135604, 0.050529
-10.988848, -0.138075, 0.043048
-10.951965, -0.139875, 0.041921
-10.925878, -0.139542, 0.039103
-10.894453, -0.140507, 0.038766
-10.866863, -0.140234, 0.036834
-10.814280, -0.138375, 0.033186
-10.768838, -0.133129, 0.029036
-10.730174, -0.138596, 0.028169
-10.692315, -0.136190, 0.025200
-10.642100, -0.138163, 0.026008
-10.612681, -0.135792, 0.022421
-10.569067, -0.134286, 0.023134
-10.521988, -0.135375, 0.023599
-10.502562, -0.136719, 0.025252
-10.460200, -0.138775, 0.029168
-10.409427, -0.135791, 0.027273
-10.367955, -0.135134, 0.027109
-10.353436, -0.136380, 0.028008
-10.335753, -0.136570, 0.029309
-10.262843, -0.139696, 0.028392
-10.199246, -0.137216, 0.025551
-10.163396, -0.137756, 0.024996
-10.107616, -0.140993, 0.027697
-10.037739, -0.140427, 0.024799
-9.964432, -0.140555, 0.022489
-9.930087, -0.139882, 0.019710
-9.869880, -0.141409, 0.018304
-9.804470, -0.142279, 0.016088
-9.776423, -0.140537, 0.014965
-9.766604, -0.139673, 0.011425
-9.699928, -0.140614, 0.012143
-9.667362, -0.141333, 0.008544
-9.633184, -0.143825, 0.010022
-9.573165, -0.141886, 0.008991
-9.546369, -0.144934, 0.007624
-9.501592, -0.144015, 0.009562
-9.458394, -0.135549, -0.003060
-9.456703, -0.131815, -0.002610
-9.424697, -0.130720, -0.004436
-9.428907, -0.136344, 0.005361
-9.387696, -0.141620, 0.006877
-9.330750, -0.144783, 0.009488
-9.303696, -0.149137, 0.012289
-9.267515, -0.152443, 0.012010
-9.199070, -0.152360, 0.010765
-9.158332, -0.156131, 0.009896
-9.126613, -0.157285, 0.008713
-9.077783, -0.155756, 0.008362
-9.058464, -0.156740, 0.007941
-9.000437, -0.152630, 0.007830
-8.990286, -0.153229, 0.004828
-8.977150, -0.154778, 0.005274
-8.966985, -0.160832, 0.006500
-8.901688, -0.158913, 0.004940
-8.880226, -0.161789, 0.005039
-8.814431, -0.166820, 0.005200
-8.762445, -0.165772, 0.005117
-8.716180, -0.166144, -0.002561
-8.680155, -0.167334, -0.002706
-8.659357, -0.164656, -0.009654
-8.612109, -0.164942, -0.013708
-8.573458, -0.170927, -0.014493
-8.544984, -0.170952, -0.020722
-8.525580, -0.173276, -0.024781
-8.491217, -0.175489, -0.024013
-8.472207, -0.172979, -0.026107
-8.390681, -0.174082, -0.025148
-8.387622, -0.175261, -0.028428
-8.375320, -0.177435, -0.029081
-8.341926, -0.181999, -0.028585
-8.288382, -0.188171, -0.026107
-8.216593, -0.192164, -0.025529
-8.167937, -0.197400, -0.024171
-8.134212, -0.204114, -0.024111
-8.081448, -0.207079, -0.024434
-8.005829, -0.208867, -0.028563
-7.991597, -0.213892, -0.029295
-8.004328, -0.211028, -0.033996
-7.936686, -0.211823, -0.033149
-7.914358, -0.213761, -0.044097
-7.836234, -0.213185, -0.048038
-7.808414, -0.217359, -0.045877
-7.733078, -0.227307, -0.046795
-7.714865, -0.233837, -0.049317
-7.702329, -0.239050, -0.045885
-7.637248, -0.243977, -0.045637
-7.584722, -0.242499, -0.048056
-7.541300, -0.244514, -0.048746
-7.516458, -0.240103, -0.051136
-7.483969, -0.241950, -0.050611
-7.425437, -0.242258, -0.051639
-7.382231, -0.243081, -0.048196
-7.351703, -0.246003, -0.050025
-7.285691, -0.252250, -0.046505
-7.231612, -0.256851, -0.045035
-7.138783, -0.262890, -0.041340
-7.106966, -0.266040, -0.037638
-7.096789, -0.266208, -0.039108
-7.076685, -0.267718, -0.034888
-7.047900, -0.265575, -0.028228
-6.986433, -0.268840, -0.016719
-6.924374, -0.265712, -0.017250
-6.866697, -0.272707, -0.020089
-6.839205, -0.278005, -0.018709
-6.812244, -0.280365, -0.021253
-6.761369, -0.280614, -0.021904
-6.669469, -0.282155, -0.024093
-6.623265, -0.286755, -0.021060
-6.590697, -0.289245, -0.022349
-6.541714, -0.293606, -0.021849
-6.515587, -0.300707, -0.016807
-6.489126, -0.300729, -0.019724
-6.454697, -0.301698, -0.018904
-6.458948, -0.302595, -0.020246
-6.406514, -0.303800, -0.019763
-6.395329, -0.303651, -0.023426
-6.386810, -0.303294, -0.023324
-6.340222, -0.304272, -0.023451
-6.293949, -0.303381, -0.022364
-6.264687, -0.305244, -0.017574
-6.160652, -0.308853, -0.017844
-6.120874, -0.311620, -0.018341
-6.081200, -0.312063, -0.015367
-6.063187, -0.314302, -0.013748
-6.019686, -0.316064, -0.012760
-5.989277, -0.314587, -0.013248
-5.991508, -0.317201, -0.011248
-5.997078, -0.319048, -0.010115
-5.978806, -0.318963, -0.010647
-5.986416, -0.318551, -0.011210
-5.941006, -0.318343, -0.012763
-5.923703, -0.320213, -0.011796
-5.939023, -0.322068, -0.012510
-5.909964, -0.323918, -0.013996
-5.881851, -0.328181, -0.012885
-5.842237, -0.331474, -0.011864
-5.772564, -0.332038, -0.013792
-5.724508, -0.328766, -0.014315
-5.729204, -0.331140, -0.014454
-5.689804, -0.331369, -0.013192
-5.675213, -0.331037, -0.015663
-5.624201, -0.331245, -0.011500
-5.644599, -0.332381, -0.011461
-5.635616, -0.333848, -0.010145
-5.609486, -0.332474, -0.008986
-5.577430, -0.333334, -0.007662
-5.438653, -0.336819, -0.005319
-5.457304, -0.336060, -0.005689
-5.425377, -0.337513, -0.003347
-5.466535, -0.336859, -0.003745
-5.457241, -0.336505, -0.004882
-5.438040, -0.336526, -0.003157
-5.410799, -0.338952, -0.004236
-5.339866, -0.342012, -0.005714
-5.345905, -0.344888, -0.006227
-5.334639, -0.342536, -0.009091
-5.320886, -0.342022, -0.012363
-5.290532, -0.342966, -0.013824
-5.329094, -0.349358, -0.013157
-5.279446, -0.350113, -0.016593
-5.256013, -0.356365, -0.016331
-5.200840, -0.357299, -0.017745
-5.185390, -0.357198, -0.017074
-5.176664, -0.358072, -0.021226
-5.121981, -0.361937, -0.022074
-5.117431, -0.368225, -0.020243
-5.151389, -0.374503, -0.016654
-5.140071, -0.377941, -0.015637
-5.093581, -0.381630, -0.014512
-5.029336, -0.381587, -0.015436
-4.916690, -0.383368, -0.013448
-4.874289, -0.385036, -0.013315
-4.856101, -0.388386, -0.009107
-4.810319, -0.387403, -0.007746
-4.816705, -0.383951, -0.006239
-4.734974, -0.376713, -0.004758
-4.702030, -0.380962, 0.001019
-4.647363, -0.382606, 0.004694
-4.649000, -0.383742, 0.015907
-4.614607, -0.384868, 0.017595
-4.636927, -0.380998, 0.017874
-4.542103, -0.378616, 0.017710
-4.511252, -0.375490, 0.018025
-4.460980, -0.372903, 0.015653
-4.493050, -0.376380, 0.021472
-4.429174, -0.370500, 0.019190
-4.450911, -0.368697, 0.020845
-4.428567, -0.369258, 0.021069
-4.428540, -0.367018, 0.019589
-4.417504, -0.366028, 0.019629
-4.383785, -0.368672, 0.017680
-4.314465, -0.366817, 0.019589
-4.246454, -0.366613, 0.020896
-4.253128, -0.368077, 0.024378
-4.178652, -0.364833, 0.021681
-4.158842, -0.365646, 0.023639
-4.148169, -0.366444, 0.024548
-4.163725, -0.363614, 0.024240
-4.122916, -0.364067, 0.025664
-4.122209, -0.365002, 0.025972
-4.110575, -0.367306, 0.027396
-4.088392, -0.366666, 0.025898
-4.057008, -0.365507, 0.025134
-3.975276, -0.359498, 0.026374
-3.954312, -0.359533, 0.025936
-3.922620, -0.355732, 0.026404
-3.813394, -0.353433, 0.028340
-3.769408, -0.350256, 0.029030
-3.738278, -0.352594, 0.031724
-3.751620, -0.350649, 0.032471
-3.702384, -0.346969, 0.032664
-3.687075, -0.345407, 0.030514
-3.669907, -0.347553, 0.032474
-3.669005, -0.347986, 0.032420
-3.675580, -0.348087, 0.033953
-3.598341, -0.347651, 0.034034
-3.527863, -0.349724, 0.034316
-3.459717, -0.351970, 0.034945
-3.479627, -0.351771, 0.034575
-3.354840, -0.351626, 0.036057
-3.337360, -0.350008, 0.036484
-3.275777, -0.350971, 0.036777
-3.210429, -0.352289, 0.039368
-3.174802, -0.353477, 0.040670
-3.101516, -0.348342, 0.042469
-3.040724, -0.348219, 0.043607
-2.974490, -0.345756, 0.040306
-2.920199, -0.348091, 0.039542
-2.911928, -0.349096, 0.037877
-2.852825, -0.350523, 0.038912
-2.803315, -0.350554, 0.038055
-2.773988, -0.349198, 0.037473
-2.709041, -0.344955, 0.031388
-2.616034, -0.347004, 0.030688
-2.561591, -0.345948, 0.032463
-2.525006, -0.343965, 0.016030
-2.541762, -0.344159, 0.017649
-2.526933, -0.347028, 0.022714
-2.470479, -0.348053, 0.025723
-2.495028, -0.347522, 0.025263
-2.460419, -0.347702, 0.022190
-2.426584, -0.346235, 0.022114
-2.427029, -0.346438, 0.030215
-2.409228, -0.349799, 0.025356
-2.365228, -0.352761, 0.028092
-2.393555, -0.348009, 0.014182
-2.366786, -0.341991, 0.011832
-2.373073, -0.339031, 0.011396
-2.302841, -0.345117, 0.023910
-2.234253, -0.344481, 0.013204
-2.103570, -0.340358, 0.010401
-2.040237, -0.341921, 0.022773
-1.990174, -0.346624, 0.021948
-1.944830, -0.341298, 0.007814
-1.887585, -0.348300, 0.021251
-1.843505, -0.350936, 0.021569
-1.799758, -0.352677, 0.023652
-1.778918, -0.354016, 0.022887
-1.699614, -0.355438, 0.027700
-1.663418, -0.356569, 0.029662
-1.629383, -0.350740, 0.021729
-1.583153, -0.343882, 0.020931
-1.497981, -0.343841, 0.022666
-1.618817, -0.349692, 0.028240
-1.643629, -0.350617, 0.029020
-1.587823, -0.349245, 0.030142
-1.546546, -0.346704, 0.031577
-1.622665, -0.351023, 0.032668
-1.621712, -0.352315, 0.031752
-1.629162, -0.351017, 0.032018
-1.672186, -0.354521, 0.030869
-1.646060, -0.357890, 0.031278
-1.657507, -0.355879, 0.031110
-1.643519, -0.354252, 0.028744
-1.620116, -0.354506, 0.028431
-1.611752, -0.351882, 0.029709
-1.556181, -0.352407, 0.029898
-1.536887, -0.350437, 0.031889
-1.492874, -0.345515, 0.034172
-1.490894, -0.341824, 0.033819
-1.450606, -0.343893, 0.035762
-1.404821, -0.346145, 0.036227
-1.357041, -0.346445, 0.038458
-1.319470, -0.347090, 0.040484
-1.250842, -0.343615, 0.039948
-1.217881, -0.341523, 0.040077
-1.201961, -0.336784, 0.037038
-1.214449, -0.340489, 0.036910
-1.240881, -0.340664, 0.036095
-1.273810, -0.342147, 0.035634
-1.254442, -0.343546, 0.036760
-1.208731, -0.344383, 0.037206
-1.245858, -0.344897, 0.034944
-1.266142, -0.346242, 0.037334
-1.240487, -0.342168, 0.031682
-1.228584, -0.339651, 0.030810
-1.193711, -0.340844, 0.032208
-1.174803, -0.339285, 0.032487
-1.198433, -0.338772, 0.030674
-1.174928, -0.341026, 0.033131
-1.122069, -0.343239, 0.034847
-1.107337, -0.343533, 0.034982
-1.094983, -0.344024, 0.034236
-1.096098, -0.349419, 0.035859
-1.034605, -0.348177, 0.034969
-1.062604, -0.346347, 0.034069
-1.064595, -0.349055, 0.036178
-1.058643, -0.346928, 0.037179
-1.035494, -0.345056, 0.034764
-1.006757, -0.346648, 0.037547
-0.938259, -0.346085, 0.033985
-0.929432, -0.343429, 0.034241
-0.945003, -0.339178, 0.033062
-0.989799, -0.342023, 0.034027
-0.988425, -0.338836, 0.031057
-0.996452, -0.339920, 0.032599
-0.973955, -0.337079, 0.032361
-0.942543, -0.339217, 0.032020
-0.924606, -0.342537, 0.034761
-0.913269, -0.341028, 0.033076
-0.908998, -0.340617, 0.033436
-0.967368, -0.340423, 0.032526
-0.898818, -0.341698, 0.033234
-0.915194, -0.342931, 0.032959
-0.940048, -0.341866, 0.032161
-0.938597, -0.344717, 0.034036
-0.931771, -0.343658, 0.034721
-0.895714, -0.344460, 0.033413
-0.836345, -0.342527, 0.031995
-0.815861, -0.341954, 0.032948
-0.831605, -0.345490, 0.034160
-0.851366, -0.352170, 0.036613
-0.856933, -0.352446, 0.036981
-0.884436, -0.347849, 0.036183
-0.944619, -0.341745, 0.034051
-0.940162, -0.341135, 0.033392
-0.968459, -0.339840, 0.032505
-0.906345, -0.342210, 0.032695
-0.874815, -0.342542, 0.035869
-0.910391, -0.341709, 0.033301
-0.853447, -0.341941, 0.031927
-0.864214, -0.344885, 0.034470
-0.874244, -0.343288, 0.034447
-0.836654, -0.345179, 0.033450
-0.819300, -0.347024, 0.034721
-0.747916, -0.348204, 0.034162
-0.780278, -0.349934, 0.036323
-0.742465, -0.350340, 0.036258
-0.751818, -0.350403, 0.036098
-0.725452, -0.349225, 0.035661
-0.719200, -0.348107, 0.035107
-0.719221, -0.350062, 0.035070
-0.704544, -0.350780, 0.037453
-0.631117, -0.349403, 0.035998
-0.606859, -0.349919, 0.035790
-0.590346, -0.344660, 0.034005
-0.521788, -0.344214, 0.034486
-0.497491, -0.342927, 0.035317
-0.443370, -0.347361, 0.034944
-0.449806, -0.348044, 0.034632
-0.492348, -0.348882, 0.036200
-0.475228, -0.350387, 0.036538
-0.432574, -0.352433, 0.036460
-0.429702, -0.350899, 0.035208
-0.390466, -0.351939, 0.036876
-0.375976, -0.346126, 0.035250
-0.340001, -0.342060, 0.034011
-0.342611, -0.344396, 0.033679
-0.353229, -0.347471, 0.035272
-0.314686, -0.347565, 0.034576
-0.334807, -0.344105, 0.034939
-0.304971, -0.344728, 0.033600
-0.267092, -0.350366, 0.036615
-0.209775, -0.351322, 0.036462
-0.166256, -0.350703, 0.035635
-0.115716, -0.350853, 0.034737
-0.060282, -0.346854, 0.034853
