2.048329, -0.136114, 0.017869
2.073031, -0.128723, 0.015697
2.109157, -0.128778, 0.014966
2.111549, -0.126773, 0.012232
2.125843, -0.125956, 0.012594
2.136004, -0.127421, 0.012853
2.165366, -0.132059, 0.013033
2.174233, -0.128329, 0.012460
2.219808, -0.123810, 0.010688
2.201148, -0.123950, 0.010370
2.217120, -0.122267, 0.011887
2.234655, -0.122555, 0.010659
2.255502, -0.120496, 0.010344
2.269990, -0.122532, 0.009230
2.274011, -0.120855, 0.007767
2.306462, -0.125329, 0.008712
2.323457, -0.126155, 0.006524
2.379013, -0.127017, 0.007329
2.431772, -0.125683, 0.007346
2.453752, -0.124327, 0.005120
2.483519, -0.127091, 0.004418
2.502229, -0.125788, 0.001134
2.519421, -0.130807, -0.000460
2.558156, -0.131448, -0.000751
2.579226, -0.133732, 0.000510
2.565928, -0.135049, -0.002832
2.580890, -0.140579, -0.001560
2.661720, -0.141814, -0.002162
2.697603, -0.142949, -0.004201
2.708264, -0.145367, -0.004067
2.682099, -0.140350, -0.006189
2.687280, -0.145123, -0.002996
2.757828, -0.151352, -0.003237
2.839680, -0.153001, -0.003674
2.874833, -0.150738, -0.007838
2.943803, -0.157282, -0.001822
2.959795, -0.158746, -0.004871
2.957015, -0.160382, -0.004790
2.975612, -0.163323, -0.003116
2.992588, -0.167303, -0.002352
3.011015, -0.166442, -0.001965
3.015472, -0.163473, -0.005951
3.024568, -0.167136, -0.005413
2.998969, -0.170857, -0.006197
2.967531, -0.174072, -0.006603
2.932010, -0.175709, -0.006239
2.989905, -0.177623, -0.006456
3.053268, -0.183841, -0.005688
3.088011, -0.186204, -0.006007
3.114226, -0.184548, -0.007684
3.150970, -0.189680, -0.006330
3.401868, -0.192318, -0.010743
3.574388, -0.202877, -0.008956
3.685023, -0.205229, -0.006568
3.771468, -0.206410, -0.007164
3.870519, -0.204441, -0.006021
3.945036, -0.204828, -0.006305
3.999256, -0.207316, -0.006906
4.056312, -0.214383, -0.005922
4.110734, -0.216226, -0.005854
4.168622, -0.221051, -0.005505
4.214545, -0.227276, -0.004281
4.250996, -0.229279, -0.004801
4.290495, -0.231603, -0.004196
4.328475, -0.234626, -0.003244
4.369858, -0.237580, -0.001760
4.415401, -0.237595, -0.000853
4.459495, -0.240124, -0.001326
4.474285, -0.241084, -0.001502
4.514383, -0.244681, -0.001520
4.529226, -0.249894, -0.000167
4.553940, -0.255367, 0.000834
4.573788, -0.259864, -0.001043
4.582425, -0.261029, -0.000473
4.588258, -0.263510, -0.003407
4.596612, -0.267839, -0.002658
4.625302, -0.270201, -0.006056
4.649171, -0.272762, -0.004758
4.662142, -0.276864, -0.007600
4.695815, -0.285042, -0.003670
4.723544, -0.288946, -0.004890
4.754774, -0.296222, 0.001996
4.782953, -0.302003, 0.001364
4.796083, -0.303123, 0.003326
4.800231, -0.305374, 0.007100
4.839157, -0.307813, -0.007865
4.874498, -0.310541, -0.006690
4.910334, -0.314637, -0.004981
4.966149, -0.317707, -0.003135
5.005797, -0.324498, 0.000147
5.048068, -0.328161, 0.000824
5.090287, -0.329796, 0.000169
5.130532, -0.331698, 0.000845
5.162748, -0.331387, -0.002137
5.204236, -0.331735, -0.001381
5.244215, -0.334763, -0.000833
5.274151, -0.336163, -0.001656
5.306653, -0.337997, -0.000373
5.334300, -0.339404, 0.000687
5.382151, -0.341362, -0.001701
5.429054, -0.346586, 0.000026
5.461290, -0.350253, 0.000366
5.467001, -0.351252, -0.005890
5.521988, -0.353824, -0.003267
5.552506, -0.357442, -0.012024
5.590756, -0.354746, -0.013962
5.622669, -0.359424, -0.014587
5.644485, -0.362780, -0.018579
5.683667, -0.362345, -0.018960
5.717547, -0.359876, -0.029954
5.739079, -0.361422, -0.032983
5.755841, -0.364393, -0.031085
5.776948, -0.366662, -0.034009
5.793150, -0.366530, -0.034850
5.813185, -0.369667, -0.033713
5.835185, -0.373921, -0.036761
5.861205, -0.378931, -0.037258
5.881794, -0.379987, -0.039334
5.900574, -0.382958, -0.039067
5.916864, -0.388036, -0.039822
5.943794, -0.392965, -0.042397
6.018020, -0.404557, -0.050314
6.079391, -0.413002, -0.046915
6.109773, -0.419541, -0.045650
6.143720, -0.422211, -0.045838
6.179507, -0.422093, -0.044061
6.216901, -0.418852, -0.044116
6.246688, -0.422076, -0.043129
6.257455, -0.418520, -0.050537
6.284309, -0.414864, -0.053664
6.311334, -0.414246, -0.053721
6.330554, -0.415720, -0.054214
6.366285, -0.419253, -0.053605
6.397568, -0.422957, -0.047944
6.439513, -0.426468, -0.055739
6.484169, -0.424181, -0.057460
6.518182, -0.429318, -0.051616
6.562800, -0.431550, -0.067499
6.606626, -0.434865, -0.068006
6.631604, -0.433227, -0.067768
6.662013, -0.438205, -0.065798
6.693577, -0.440824, -0.061714
6.761816, -0.439847, -0.046287
6.822447, -0.449471, -0.035970
6.878701, -0.453945, -0.036884
6.958689, -0.458262, -0.048427
7.017159, -0.464751, -0.042284
7.065181, -0.472013, -0.038666
7.099043, -0.479775, -0.034552
7.121770, -0.479634, -0.038911
7.136070, -0.479201, -0.044137
7.147963, -0.480623, -0.043447
7.154422, -0.480591, -0.047947
7.207298, -0.490516, -0.061940
7.233613, -0.496019, -0.064849
7.258442, -0.496403, -0.064253
7.293269, -0.502609, -0.059093
7.328058, -0.504051, -0.058282
7.364158, -0.510714, -0.042139
7.422443, -0.515261, -0.063884
7.462371, -0.522152, -0.061410
7.485860, -0.528235, -0.058965
7.518347, -0.527556, -0.065585
7.540441, -0.531986, -0.069194
7.594484, -0.535382, -0.084911
7.618220, -0.543031, -0.084636
7.631493, -0.546027, -0.084634
7.641669, -0.549796, -0.083759
7.735470, -0.547178, -0.086936
7.762965, -0.544838, -0.085200
7.796777, -0.547015, -0.087671
7.819928, -0.552245, -0.083491
7.850433, -0.557118, -0.086839
7.898413, -0.567221, -0.092881
7.937051, -0.574602, -0.085421
7.963082, -0.582966, -0.073420
7.988246, -0.590186, -0.070097
8.039944, -0.598376, -0.087046
8.095433, -0.599781, -0.071266
8.124153, -0.604672, -0.071677
8.174015, -0.609936, -0.089059
8.194143, -0.616556, -0.094119
8.252648, -0.625302, -0.103191
8.284431, -0.636302, -0.098452
8.312073, -0.644453, -0.090944
8.375592, -0.639311, -0.105842
8.402628, -0.642121, -0.103797
8.418770, -0.647788, -0.115247
8.440306, -0.651517, -0.118952
8.458873, -0.656704, -0.118720
8.482989, -0.656060, -0.116586
8.512362, -0.660888, -0.128392
8.545459, -0.659012, -0.124575
8.567003, -0.661698, -0.119264
8.604725, -0.659981, -0.125445
8.643817, -0.661416, -0.129890
8.688395, -0.663187, -0.129228
8.733772, -0.668204, -0.125894
8.773565, -0.673846, -0.126208
8.828372, -0.674758, -0.129144
8.863269, -0.674918, -0.127601
8.919936, -0.672907, -0.127783
8.939525, -0.674036, -0.128174
8.990202, -0.669305, -0.139590
9.020975, -0.670207, -0.143867
9.051011, -0.674159, -0.155568
9.086438, -0.681866, -0.176309
9.130761, -0.690182, -0.194999
9.163431, -0.701019, -0.217387
9.203816, -0.719117, -0.236460
9.240791, -0.729592, -0.238276
9.269267, -0.734967, -0.237629
9.295777, -0.735549, -0.234837
9.340105, -0.733244, -0.246591
9.373663, -0.736663, -0.242383
9.419459, -0.740125, -0.220326
9.455071, -0.734360, -0.179234
9.484087, -0.730648, -0.167876
9.509924, -0.746605, -0.140263
9.546531, -0.737315, -0.110335
9.581985, -0.732282, -0.096565
9.632948, -0.721963, -0.076656
9.642090, -0.726988, -0.045705
9.666976, -0.723241, -0.029419
9.705556, -0.715561, -0.018736
9.755364, -0.699420, 0.017938
9.787756, -0.691668, 0.055237
9.814868, -0.685552, 0.068314
9.854109, -0.671187, 0.108958
9.900347, -0.660025, 0.144365
9.920014, -0.649609, 0.167523
9.956858, -0.634471, 0.202145
10.000458, -0.620768, 0.246194
10.019340, -0.604476, 0.277695
10.050602, -0.592019, 0.325273
10.066030, -0.572361, 0.362995
10.102205, -0.553039, 0.416705
10.135769, -0.530079, 0.456473
10.166608, -0.513528, 0.473321
10.174095, -0.494065, 0.491567
10.205188, -0.475742, 0.537339
10.236968, -0.456868, 0.578799
10.262652, -0.435540, 0.595624
10.257627, -0.413695, 0.643369
10.294796, -0.392411, 0.660985
10.308640, -0.372572, 0.680860
10.321212, -0.347810, 0.741453
10.322274, -0.327564, 0.740488
10.350035, -0.292935, 0.771305
10.379795, -0.267419, 0.800450
10.405780, -0.240902, 0.837876
10.440123, -0.216152, 0.874550
10.461132, -0.190207, 0.885935
10.460270, -0.165621, 0.928423
10.469801, -0.127783, 0.944665
10.461393, -0.103308, 0.957402
10.478687, -0.075091, 0.997198
10.478132, -0.036763, 1.034907
10.489995, -0.009123, 1.046731
10.494144, 0.025245, 1.077522
10.491459, 0.073137, 1.116430
10.493134, 0.118792, 1.119425
10.505471, 0.155755, 1.163652
10.489572, 0.203714, 1.185961
10.492800, 0.236234, 1.201586
10.502150, 0.276788, 1.243075
10.488201, 0.326559, 1.280330
10.485551, 0.363464, 1.282437
10.495193, 0.401154, 1.332974
10.489785, 0.439598, 1.353390
10.507668, 0.467886, 1.376387
10.509607, 0.498749, 1.390585
10.500975, 0.532848, 1.432815
10.503406, 0.573351, 1.455660
10.497859, 0.599391, 1.480625
10.492712, 0.646144, 1.516794
10.493958, 0.688677, 1.572577
10.481707, 0.732730, 1.579220
10.475135, 0.781445, 1.608928
10.458153, 0.819673, 1.647114
10.464433, 0.856393, 1.655158
10.425271, 0.906789, 1.676790
10.405894, 0.940430, 1.715999
10.400381, 0.978942, 1.738169
10.384418, 1.012629, 1.764090
10.379108, 1.058438, 1.816032
10.340398, 1.094307, 1.827986
10.315196, 1.121748, 1.869288
10.304299, 1.152445, 1.886996
10.302676, 1.180150, 1.899156
10.274849, 1.208138, 1.917759
10.249709, 1.229363, 1.924541
10.221054, 1.266052, 1.916425
10.212897, 1.300607, 1.931425
10.212084, 1.331342, 1.938171
10.215678, 1.359279, 1.942152
10.205196, 1.387043, 1.943566
10.184110, 1.425007, 1.939851
10.162406, 1.465464, 1.936279
10.142891, 1.496912, 1.929239
10.122038, 1.527479, 1.901469
10.097021, 1.572195, 1.883129
10.093305, 1.601410, 1.880753
10.086466, 1.633203, 1.868171
10.085525, 1.666231, 1.855195
10.083798, 1.691278, 1.844977
10.076910, 1.735673, 1.802212
10.084966, 1.772683, 1.791233
10.091415, 1.803867, 1.780649
10.086646, 1.837766, 1.746033
10.078747, 1.862865, 1.720603
10.079578, 1.885675, 1.696402
10.090988, 1.918952, 1.667626
10.097979, 1.947048, 1.652912
10.095587, 1.973077, 1.645687
10.089244, 2.000582, 1.649231
10.075122, 2.027322, 1.641547
10.066235, 2.055135, 1.640742
10.067688, 2.091534, 1.636264
10.066107, 2.126262, 1.636935
10.061319, 2.146910, 1.633561
10.062656, 2.171442, 1.633322
10.071788, 2.208671, 1.635847
10.082584, 2.257879, 1.637223
10.087619, 2.299346, 1.637484
10.086326, 2.339540, 1.629692
10.081684, 2.404371, 1.615222
10.078085, 2.461674, 1.614105
10.079233, 2.512264, 1.613180
10.073057, 2.562822, 1.611396
10.073176, 2.609788, 1.611132
10.065925, 2.651353, 1.609145
10.069195, 2.691823, 1.610419
10.076141, 2.733912, 1.604387
10.074487, 2.763926, 1.612438
10.075469, 2.810779, 1.612739
10.079802, 2.844890, 1.615077
10.084226, 2.882948, 1.615609
10.083125, 2.916168, 1.614877
10.086956, 2.947788, 1.616610
10.084513, 2.974563, 1.616452
10.083765, 3.009263, 1.616921
10.085279, 3.042648, 1.617398
10.086152, 3.086730, 1.612440
10.082354, 3.124511, 1.610744
10.083469, 3.158429, 1.613452
10.081809, 3.191905, 1.612151
10.082066, 3.244006, 1.612400
10.080401, 3.275716, 1.609797
10.077865, 3.295143, 1.611338
10.079739, 3.317254, 1.610099
10.080945, 3.341427, 1.609662
10.082909, 3.375194, 1.608401
10.080322, 3.403605, 1.606861
10.079556, 3.436273, 1.606142
10.081549, 3.470066, 1.606008
10.081913, 3.496006, 1.605163
10.063697, 3.535884, 1.587760
10.055109, 3.592764, 1.580446
10.062090, 3.655430, 1.581503
10.059911, 3.707665, 1.582176
10.065293, 3.753886, 1.582868
10.067538, 3.794527, 1.584777
10.072826, 3.832477, 1.585013
10.072972, 3.871379, 1.584782
10.080225, 3.906290, 1.586809
10.081594, 3.947692, 1.587025
10.089126, 3.992487, 1.582698
10.091843, 4.042755, 1.585668
10.098632, 4.082445, 1.586739
10.102730, 4.118455, 1.588628
10.107461, 4.152087, 1.590572
10.110564, 4.184409, 1.589783
10.116937, 4.216458, 1.592916
10.118423, 4.250551, 1.594142
10.107584, 4.296906, 1.575735
10.101082, 4.350134, 1.567234
10.102525, 4.401102, 1.568152
10.107743, 4.443795, 1.572140
10.108124, 4.483044, 1.571692
10.112508, 4.523684, 1.574915
10.116113, 4.562019, 1.576554
10.123435, 4.604894, 1.574474
10.127359, 4.651476, 1.575264
10.129975, 4.689105, 1.578536
10.130699, 4.727193, 1.576489
10.134537, 4.799981, 1.577929
10.143794, 4.834831, 1.579683
10.137750, 4.867284, 1.554013
10.138396, 4.889512, 1.555901
10.134920, 4.916319, 1.554021
10.139034, 4.942865, 1.557285
10.145888, 4.986046, 1.561623
10.151144, 5.025654, 1.566898
10.151837, 5.061957, 1.563870
10.156544, 5.095738, 1.569670
10.157927, 5.128171, 1.571137
10.147884, 5.166017, 1.569692
10.149813, 5.198844, 1.568082
10.152737, 5.235061, 1.570175
10.152965, 5.269904, 1.572201
10.152906, 5.297337, 1.576331
10.150967, 5.328793, 1.572210
10.142581, 5.385375, 1.552178
10.136229, 5.427467, 1.551078
10.133983, 5.474955, 1.550862
10.137279, 5.517629, 1.555059
10.132474, 5.561375, 1.558292
10.130985, 5.597488, 1.562277
10.138165, 5.648994, 1.588468
10.143758, 5.700689, 1.597872
10.142423, 5.753774, 1.606215
10.143365, 5.800016, 1.609921
10.137292, 5.837125, 1.613087
10.132900, 5.873265, 1.614108
10.132416, 5.902388, 1.618611
10.138917, 5.936023, 1.622885
10.140745, 5.966772, 1.630305
10.140530, 6.011056, 1.661335
10.139739, 6.058882, 1.668137
10.135280, 6.093496, 1.671315
10.135380, 6.130778, 1.675185
10.129175, 6.169009, 1.672938
10.128505, 6.218628, 1.650350
10.127319, 6.266655, 1.655636
10.121336, 6.309686, 1.658180
10.118707, 6.342878, 1.665760
10.117252, 6.380915, 1.671116
10.115749, 6.415010, 1.675958
10.108769, 6.443944, 1.674516
10.104012, 6.487960, 1.642173
10.099951, 6.530374, 1.646547
10.096625, 6.564405, 1.653329
10.092672, 6.600193, 1.656653
10.088307, 6.636973, 1.659158
10.089457, 6.684043, 1.633518
10.087173, 6.727750, 1.636203
10.085693, 6.766192, 1.644696
10.092646, 6.808863, 1.613236
10.091367, 6.851057, 1.616258
10.089077, 6.884486, 1.626024
10.093281, 6.934897, 1.599403
10.093961, 6.971692, 1.606648
10.091385, 7.006271, 1.608275
10.095114, 7.044292, 1.577647
10.098401, 7.078281, 1.584829
10.093102, 7.116061, 1.552264
10.093670, 7.149138, 1.556518
10.090214, 7.174706, 1.560308
10.103269, 7.198209, 1.552474
10.112823, 7.218774, 1.522000
10.114327, 7.240889, 1.523247
10.116392, 7.262562, 1.519306
10.119226, 7.299368, 1.497538
10.122023, 7.324684, 1.499939
10.131351, 7.356814, 1.475447
10.128043, 7.382691, 1.463757
10.132376, 7.411585, 1.461037
10.130555, 7.440969, 1.449837
10.136175, 7.470700, 1.435905
10.147483, 7.502889, 1.414001
10.168315, 7.533885, 1.400776
10.183200, 7.560694, 1.409859
10.194673, 7.600316, 1.395327
10.204219, 7.631628, 1.395901
10.210018, 7.662047, 1.397361
10.213855, 7.690203, 1.405153
10.220136, 7.717943, 1.397578
10.224746, 7.744743, 1.379567
10.231216, 7.775799, 1.370945
10.254929, 7.799442, 1.371557
10.262116, 7.827504, 1.370918
10.271267, 7.854184, 1.387231
10.275387, 7.880990, 1.422741
10.272508, 7.906470, 1.446858
10.267066, 7.921445, 1.448592
10.255730, 7.939729, 1.460015
10.248079, 7.959748, 1.475621
10.255481, 7.990103, 1.505714
10.258146, 8.017355, 1.511990
10.245306, 8.042558, 1.525037
10.245224, 8.074490, 1.557830
10.235001, 8.102979, 1.568226
10.230163, 8.141114, 1.610252
10.211923, 8.184118, 1.629496
10.198855, 8.215233, 1.637313
10.194170, 8.245166, 1.666001
10.194250, 8.278390, 1.712725
10.193758, 8.313500, 1.731205
10.188044, 8.344498, 1.738147
10.173009, 8.372572, 1.770180
10.154546, 8.403131, 1.793098
10.148920, 8.437526, 1.823335
10.131844, 8.469432, 1.838247
10.111396, 8.501199, 1.862393
10.093453, 8.534114, 1.888570
10.073565, 8.565905, 1.902885
10.056246, 8.595673, 1.921318
10.037145, 8.630887, 1.949535
10.009954, 8.662843, 1.980637
9.983767, 8.708663, 1.998012
9.969445, 8.730822, 2.022763
9.955918, 8.740003, 2.040441
9.944257, 8.752681, 2.052400
9.929430, 8.764581, 2.062734
9.909194, 8.778964, 2.096069
9.885688, 8.807955, 2.112628
9.865136, 8.831538, 2.129345
9.841942, 8.854294, 2.147700
9.828103, 8.884704, 2.185292
9.807989, 8.911212, 2.204972
9.772479, 8.957663, 2.247070
9.755640, 8.972316, 2.262547
9.782187, 8.985259, 2.283901
9.767775, 8.994482, 2.301555
9.762696, 9.003813, 2.310677
9.728926, 9.036126, 2.346693
9.695500, 9.061834, 2.378706
9.674998, 9.067782, 2.386257
9.645352, 9.096974, 2.417673
9.623592, 9.113507, 2.439177
9.602223, 9.136103, 2.467389
9.581835, 9.158600, 2.488527
9.563792, 9.175641, 2.517919
9.531234, 9.201649, 2.540296
9.494598, 9.228795, 2.554491
9.452051, 9.245085, 2.584014
9.404752, 9.263688, 2.608870
9.361935, 9.274456, 2.635524
9.319796, 9.282536, 2.658243
9.269952, 9.286973, 2.685600
9.220027, 9.296034, 2.698538
9.194910, 9.299942, 2.753807
9.160256, 9.303721, 2.789909
9.134854, 9.303983, 2.795424
9.105626, 9.304706, 2.818423
9.053605, 9.299496, 2.847099
8.988247, 9.294763, 2.861195
8.925527, 9.299914, 2.905051
8.877806, 9.298155, 2.949923
8.823816, 9.297935, 2.962529
8.769384, 9.301250, 3.013922
8.715354, 9.300696, 3.051406
8.673914, 9.298682, 3.074648
8.624462, 9.288310, 3.115906
8.576739, 9.281725, 3.135328
8.547799, 9.277908, -3.100442
8.535706, 9.273388, -3.097590
8.496847, 9.259272, -3.078299
8.451132, 9.246087, -3.035445
8.399364, 9.232719, -3.026020
8.365900, 9.211678, -2.986505
8.319228, 9.190605, -2.958971
8.268515, 9.170918, -2.925871
8.217113, 9.143680, -2.892946
8.223556, 9.118734, -2.886111
8.208448, 9.098866, -2.868087
8.164725, 9.074930, -2.850367
8.128481, 9.055750, -2.828835
8.094728, 9.034716, -2.831696
8.043394, 9.017182, -2.833817
7.989133, 9.002781, -2.836203
7.946000, 8.994145, -2.837886
7.894399, 8.980755, -2.842174
7.813669, 8.962521, -2.848699
7.758021, 8.948433, -2.856707
7.680654, 8.944526, -2.847890
7.640497, 8.788168, -2.852628
7.587059, 8.778602, -2.859234
7.550644, 8.770068, -2.869797
7.510908, 8.763663, -2.876123
7.517765, 8.763703, -2.883112
7.472476, 8.757773, -2.890780
7.398632, 8.742763, -2.909346
7.349328, 8.737296, -2.925751
7.306086, 8.735932, -2.927487
7.263565, 8.734151, -2.933788
7.211466, 8.731260, -2.941771
7.186528, 8.730698, -2.964177
7.170699, 8.730138, -2.976319
7.161612, 8.728660, -2.985253
7.138440, 8.725869, -3.002791
7.102962, 8.728225, -3.013092
7.067016, 8.731486, -3.017569
7.045894, 8.736225, -3.020934
7.031282, 8.740483, -3.032559
7.012541, 8.742618, -3.039418
6.997565, 8.741291, -3.057714
6.968447, 8.740582, -3.069723
6.943318, 8.740134, -3.077987
6.895965, 8.738750, -3.088795
6.876791, 8.741468, -3.090187
6.829149, 8.743794, -3.090501
6.819859, 8.744880, -3.097783
6.764416, 8.746167, -3.099573
6.731284, 8.745457, -3.102839
6.691842, 8.747240, -3.106332
6.664822, 8.749423, -3.106388
6.644066, 8.748124, -3.110002
6.625505, 8.751497, -3.116687
6.592292, 8.751441, -3.116882
6.569796, 8.748226, -3.116737
6.564010, 8.751237, -3.116811
6.503527, 8.752101, -3.111633
6.443719, 8.751421, -3.113825
6.403868, 8.751445, -3.111211
6.327653, 8.753473, -3.113090
6.277809, 8.753280, -3.111906
6.237006, 8.753596, -3.115674
6.211522, 8.756284, -3.117151
6.178461, 8.756786, -3.117698
6.134239, 8.750117, -3.120281
6.085212, 8.750995, -3.122746
6.054977, 8.750160, -3.126106
6.007979, 8.752916, -3.128050
5.948717, 8.754685, -3.133780
5.900856, 8.758729, -3.136881
5.849768, 8.763614, -3.135024
5.806545, 8.767403, -3.141392
5.772122, 8.769221, 3.137492
5.746285, 8.772367, 3.137683
5.681444, 8.773944, 3.138403
5.638814, 8.779993, 3.140797
5.584252, 8.783457, 3.140801
5.545669, 8.785691, 3.139029
5.490193, 8.784897, 3.137763
5.450213, 8.782764, 3.138212
5.404180, 8.780543, 3.137561
5.364799, 8.785217, 3.136930
5.316382, 8.785595, 3.136621
5.255696, 8.787157, 3.134730
5.191866, 8.790545, 3.131545
5.161627, 8.794863, 3.128734
5.135103, 8.794375, 3.125194
5.099121, 8.797468, 3.124010
5.052084, 8.800439, 3.120849
4.998232, 8.799132, 3.120568
4.983375, 8.805771, 3.122049
4.927874, 8.807540, 3.118616
4.888508, 8.805856, 3.106267
4.865706, 8.801777, 3.100304
4.788948, 8.803822, 3.099613
4.755969, 8.802858, 3.103442
4.778188, 8.805719, 3.100854
4.764912, 8.810381, 3.103258
4.737127, 8.813605, 3.104782
4.701823, 8.813155, 3.099374
4.622376, 8.813086, 3.098363
4.576173, 8.818541, 3.098626
4.521451, 8.822460, 3.097303
4.492183, 8.826799, 3.093267
4.481938, 8.826198, 3.091902
4.472140, 8.828969, 3.091675
4.454666, 8.831952, 3.095559
4.424049, 8.834591, 3.102764
4.342235, 8.835060, 3.099537
4.277128, 8.838385, 3.101943
4.230569, 8.842562, 3.102976
4.179979, 8.838695, 3.098904
4.132658, 8.838655, 3.099048
4.062563, 8.837788, 3.099483
4.025278, 8.840455, 3.101217
3.981473, 8.841279, 3.100481
3.915412, 8.845674, 3.103330
3.859941, 8.847164, 3.108235
3.840349, 8.848054, 3.114605
3.799714, 8.847143, 3.127655
3.749879, 8.844747, 3.129170
3.729295, 8.849045, 3.131266
3.703703, 8.847835, 3.129161
3.664583, 8.849609, 3.125973
3.616450, 8.847110, 3.125166
3.583713, 8.849196, 3.127703
3.545025, 8.851367, 3.128493
3.520334, 8.849334, 3.129410
3.505883, 8.845539, 3.127334
3.467650, 8.844748, 3.124964
3.467029, 8.847322, 3.126184
3.417709, 8.846412, 3.127052
3.394737, 8.848199, 3.127988
3.366694, 8.849128, 3.130834
3.319639, 8.849006, 3.132617
3.288296, 8.851434, 3.136211
3.265597, 8.850554, 3.137209
3.232646, 8.850543, 3.137931
3.197903, 8.844363, 3.133742
3.169592, 8.845160, 3.135693
3.128419, 8.843709, 3.132216
3.097767, 8.847786, 3.134318
3.065949, 8.848537, 3.131904
3.045846, 8.852932, 3.136661
3.005427, 8.855603, 3.135627
2.963983, 8.852355, 3.134415
2.928047, 8.852251, 3.132489
2.899567, 8.850890, 3.133221
2.858408, 8.852706, 3.134978
2.819317, 8.857702, 3.139992
2.794194, 8.860609, 3.141426
2.738132, 8.855269, 3.136716
2.717054, 8.853229, 3.136126
2.695313, 8.854675, 3.138494
2.662352, 8.851550, 3.136503
2.630080, 8.853751, 3.131945
2.592433, 8.849216, 3.130281
2.528079, 8.849742, 3.127467
2.507531, 8.851810, 3.122879
2.461560, 8.857395, 3.123499
2.418279, 8.860246, 3.120394
2.395428, 8.866822, 3.124059
2.384043, 8.868202, 3.123100
2.374872, 8.870539, 3.121072
2.321247, 8.877422, 3.120195
2.305639, 8.879541, 3.117955
2.277567, 8.882844, 3.118545
2.215977, 8.885543, 3.117783
2.160464, 8.892175, 3.116612
2.113544, 8.897987, 3.116123
2.128189, 8.899323, 3.115630
2.102819, 8.900599, 3.115860
2.096491, 8.901851, 3.117761
2.060888, 8.905751, 3.122834
2.047517, 8.904517, 3.132730
2.013741, 8.902197, 3.134000
1.980166, 8.900859, 3.133372
1.972622, 8.900741, 3.132177
1.944999, 8.903070, 3.135764
1.908029, 8.901515, 3.133387
1.860149, 8.899200, 3.134333
1.807214, 8.902641, 3.134194
1.817751, 8.904767, 3.137948
1.778191, 8.907775, 3.139327
1.737283, 8.908456, 3.138655
1.716074, 8.905223, 3.139808
1.639753, 8.904757, -3.139997
1.598517, 8.903286, -3.140991
1.585068, 8.906095, -3.136561
1.551988, 8.908115, -3.135691
1.501297, 8.910769, -3.132719
1.467534, 8.910145, -3.132228
1.443052, 8.909528, -3.132213
1.431195, 8.904156, -3.131959
1.398400, 8.906162, -3.130458
1.373193, 8.907041, -3.128364
1.307497, 8.906273, -3.124952
1.277130, 8.909128, -3.122796
1.176445, 8.913918, -3.120205
1.141636, 8.913429, -3.122153
1.087224, 8.909660, -3.119218
1.037424, 8.910503, -3.120886
0.975132, 8.911972, -3.118436
0.940815, 8.912697, -3.117308
0.882212, 8.911384, -3.115323
0.845397, 8.913062, -3.112057
0.797952, 8.913209, -3.112246
0.794499, 8.909423, -3.114644
0.729270, 8.910448, -3.115857
0.684352, 8.912646, -3.115191
0.643088, 8.911550, -3.114882
0.645100, 8.910591, -3.115920
0.620382, 8.912802, -3.113101
0.601787, 8.913365, -3.114252
0.607470, 8.916233, -3.112956
0.557499, 8.916160, -3.114004
0.539743, 8.916338, -3.115262
0.474615, 8.918254, -3.114161
0.393979, 8.918668, -3.112583
0.344432, 8.916566, -3.115050
0.321803, 8.918985, -3.113202
0.317479, 8.916274, -3.117397
0.270453, 8.915381, -3.119369
0.238109, 8.913236, -3.121066
0.180602, 8.917702, -3.119264
0.119827, 8.916618, -3.118928
0.084241, 8.920318, -3.117298
0.058289, 8.917152, -3.119242
0.059346, 8.921230, -3.112828
0.005310, 8.921351, -3.110027
-0.045112, 8.918532, -3.110903
-0.094110, 8.916441, -3.110562
-0.140432, 8.914568, -3.106110
-0.205810, 8.912755, -3.105934
-0.194333, 8.909007, -3.101972
-0.234392, 8.910524, -3.099487
-0.278807, 8.911259, -3.097872
-0.332879, 8.905894, -3.097113
-0.390966, 8.901231, -3.096049
-0.430733, 8.901747, -3.095705
-0.472576, 8.900562, -3.093679
-0.461977, 8.900234, -3.092483
-0.527716, 8.899197, -3.097670
-0.586267, 8.898705, -3.099077
-0.603797, 8.896676, -3.097739
-0.682114, 8.893848, -3.100747
-0.726213, 8.894293, -3.103579
-0.755273, 8.893593, -3.104030
-0.749170, 8.895419, -3.105336
-0.794741, 8.894808, -3.103351
-0.791863, 8.891927, -3.108361
-0.840806, 8.891466, -3.106648
-0.891094, 8.888792, -3.106558
-0.948798, 8.888038, -3.107444
-1.012547, 8.884556, -3.108461
-1.012747, 8.879801, -3.108535
-1.059099, 8.880646, -3.107999
-1.105379, 8.877147, -3.104431
-1.129062, 8.876921, -3.106305
-1.179528, 8.873732, -3.105039
-1.208207, 8.870945, -3.103109
-1.258295, 8.871004, -3.103547
-1.265514, 8.868888, -3.101964
-1.337911, 8.869249, -3.103719
-1.366009, 8.866125, -3.104860
-1.420084, 8.864601, -3.106203
-1.436697, 8.865379, -3.107508
-1.468458, 8.863151, -3.109548
-1.517861, 8.862906, -3.108819
-1.532864, 8.856699, -3.111197
-1.582972, 8.856119, -3.111054
-1.589451, 8.857891, -3.109630
-1.607042, 8.858888, -3.107089
-1.638422, 8.858670, -3.106911
-1.663917, 8.863936, -3.105328
-1.716531, 8.862469, -3.106124
-1.766026, 8.864325, -3.103138
-1.818709, 8.863881, -3.102658
-1.890116, 8.863333, -3.103035
-1.943382, 8.860630, -3.104602
-1.993662, 8.860633, -3.104941
-2.071913, 8.862267, -3.102662
-2.153152, 8.861297, -3.103704
-2.184142, 8.856266, -3.102705
-2.255365, 8.853735, -3.102629
-2.320763, 8.851226, -3.104487
-2.382886, 8.855687, -3.101885
-2.449703, 8.854193, -3.098361
-2.504855, 8.856982, -3.097544
-2.512348, 8.850810, -3.097596
-2.521762, 8.846893, -3.097135
-2.590790, 8.842761, -3.097221
-2.631826, 8.841749, -3.095153
-2.658327, 8.842131, -3.096712
-2.682606, 8.839808, -3.098881
-2.702991, 8.840283, -3.107230
-2.763479, 8.842384, -3.106129
-2.852779, 8.842921, -3.105145
-2.967034, 8.839553, -3.102756
-2.950973, 8.841722, -3.101343
-2.929412, 8.844081, -3.099580
-2.927821, 8.843943, -3.101036
-2.963143, 8.844044, -3.100733
-3.003772, 8.844645, -3.101925
-3.023020, 8.841866, -3.107096
-3.034124, 8.840484, -3.109181
-3.012049, 8.839138, -3.110518
-3.041663, 8.842875, -3.110589
-3.032472, 8.846296, -3.110363
-3.037399, 8.847313, -3.112250
-3.066583, 8.846819, -3.113558
-3.085041, 8.845274, -3.113665
-3.123935, 8.841568, -3.112046
-3.185230, 8.843272, -3.108817
-3.237647, 8.840668, -3.109194
-3.309574, 8.838087, -3.111399
-3.348485, 8.839982, -3.112986
-3.377037, 8.839488, -3.112749
-3.401333, 8.838953, -3.112831
-3.466301, 8.840446, -3.111432
-3.519314, 8.842209, -3.110606
-3.560600, 8.841314, -3.110062
-3.624821, 8.839283, -3.111158
-3.687916, 8.840532, -3.112093
-3.707881, 8.841813, -3.110027
-3.767514, 8.846015, -3.110650
-3.807632, 8.844229, -3.112272
-3.823049, 8.840908, -3.117812
-3.846883, 8.839187, -3.118574
-3.882248, 8.841564, -3.118461
-3.908296, 8.842728, -3.119899
-3.949616, 8.843538, -3.125795
-3.993961, 8.841817, -3.130687
-4.040314, 8.839991, -3.135431
-4.068094, 8.844759, -3.136469
-4.085768, 8.847435, -3.134592
-4.105810, 8.846219, -3.140877
-4.167014, 8.846726, -3.138166
-4.196066, 8.850574, -3.135742
-4.228038, 8.851245, -3.135908
-4.243931, 8.851746, -3.133991
-4.245181, 8.850106, -3.133311
-4.253397, 8.851955, -3.137592
-4.257884, 8.853949, -3.133505
-4.267153, 8.851557, -3.132695
-4.280443, 8.848254, -3.137338
-4.302530, 8.847533, -3.139432
-4.311327, 8.848043, 3.141292
-4.332809, 8.848195, 3.139178
-4.366850, 8.849913, 3.130671
-4.353082, 8.853846, 3.130705
-4.388332, 8.858661, 3.131327
-4.437126, 8.859209, 3.129472
-4.533578, 8.860475, 3.127635
-4.601780, 8.866215, 3.129943
-4.663994, 8.867806, 3.130626
-4.720431, 8.864844, 3.130658
-4.806833, 8.869919, 3.132901
-4.885679, 8.870644, 3.133260
-4.945735, 8.868564, 3.136400
-5.006271, 8.866620, 3.135311
-5.052173, 8.864455, 3.136977
-5.123410, 8.870035, 3.138673
-5.167238, 8.868847, 3.139163
-5.210224, 8.869467, 3.140236
-5.253251, 8.869364, 3.140403
-5.302305, 8.871957, 3.140657
-5.346744, 8.869717, 3.140441
-5.388260, 8.869025, -3.141038
-5.429826, 8.875044, -3.138359
-5.462346, 8.879379, -3.137415
-5.503993, 8.879193, -3.138336
-5.551815, 8.877764, -3.139898
-5.590959, 8.881951, -3.138845
-5.636602, 8.883128, -3.141407
-5.681035, 8.886584, -3.141107
-5.707034, 8.887957, -3.140514
-5.748279, 8.885293, 3.137878
-5.787405, 8.887029, 3.134015
-5.833087, 8.886567, 3.131353
-5.865011, 8.886631, 3.132186
-5.908833, 8.887140, 3.130593
-5.945712, 8.887284, 3.131817
-5.982404, 8.887511, 3.140908
-5.999886, 8.888393, -3.135431
-6.029853, 8.887111, -3.134176
-6.058640, 8.888399, -3.135221
-6.098702, 8.893242, -3.124506
-6.143840, 8.898442, -3.122862
-6.171918, 8.901144, -3.121321
-6.208366, 8.901321, -3.120025
-6.232114, 8.905494, -3.118932
-6.270493, 8.909771, -3.115917
-6.305454, 8.909059, -3.113963
-6.351487, 8.908132, -3.113526
-6.382619, 8.904698, -3.112268
-6.421697, 8.905211, -3.112806
-6.456495, 8.901513, -3.111256
-6.488277, 8.900027, -3.109950
-6.520290, 8.896887, -3.106502
-6.563205, 8.894921, -3.106224
-6.602382, 8.890828, -3.105714
-6.632359, 8.888683, -3.105068
-6.658083, 8.882965, -3.104952
-6.694149, 8.881545, -3.104660
-6.735024, 8.878016, -3.105108
-6.757972, 8.877408, -3.101668
-6.793896, 8.878189, -3.099468
-6.833046, 8.878105, -3.096506
-6.884363, 8.876986, -3.093171
-6.920645, 8.873577, -3.093006
-6.959554, 8.867355, -3.090469
-6.998964, 8.866987, -3.088681
-7.041656, 8.866312, -3.085717
-7.074511, 8.867754, -3.086468
-7.115275, 8.866349, -3.086375
-7.146251, 8.865849, -3.086288
-7.183884, 8.865617, -3.086662
-7.224044, 8.871931, -3.086613
-7.250954, 8.870963, -3.085801
-7.287607, 8.867057, -3.090265
-7.324977, 8.866408, -3.090623
-7.352037, 8.866142, -3.096041
-7.376045, 8.865712, -3.096296
-7.422127, 8.865603, -3.095191
-7.444893, 8.867311, -3.100505
-7.481675, 8.865444, -3.099602
-7.514183, 8.866986, -3.101377
-7.542925, 8.865829, -3.103984
-7.590700, 8.861897, -3.106725
-7.620676, 8.858500, -3.107025
-7.652341, 8.852841, -3.107449
-7.681468, 8.855345, -3.103605
-7.733723, 8.860570, -3.097080
-7.766299, 8.864567, -3.094441
-7.784473, 8.863561, -3.089928
-7.835021, 8.868359, -3.074352
-7.870094, 8.867395, -3.075154
-7.913048, 8.871930, -3.071015
-7.947065, 8.871216, -3.071428
-7.992679, 8.868457, -3.070041
-8.049224, 8.871201, -3.070744
-8.108300, 8.863962, -3.071217
-8.119211, 8.863735, -3.070446
-8.128073, 8.864638, -3.070804
-8.135891, 8.862221, -3.070575
-8.158190, 8.864191, -3.073837
-8.203587, 8.862918, -3.075996
-8.258417, 8.863362, -3.094894
-8.279408, 8.856957, -3.113741
-8.322137, 8.856458, -3.120248
-8.358041, 8.855239, -3.129518
-8.398636, 8.853635, -3.130259
-8.435479, 8.856101, -3.129204
-8.462843, 8.856423, -3.131326
-8.488833, 8.856683, -3.129696
-8.524659, 8.854994, -3.130292
-8.561317, 8.854547, -3.129543
-8.598663, 8.858330, -3.125845
-8.630895, 8.862464, -3.123924
-8.659487, 8.863652, -3.122999
-8.694352, 8.864980, -3.121719
-8.724804, 8.863344, -3.121981
-8.753686, 8.862732, -3.122519
-8.782784, 8.867104, -3.122647
-8.823028, 8.868294, -3.129742
-8.865478, 8.867067, -3.133668
-8.921646, 8.863901, 3.133793
-8.976483, 8.864550, 3.133857
-9.016606, 8.865077, 3.134088
-9.051662, 8.866219, 3.134393
-9.100413, 8.865932, 3.133937
-9.140216, 8.864672, 3.133282
-9.172538, 8.864914, 3.132166
-9.205541, 8.865959, 3.132338
-9.248173, 8.873713, 3.133966
-9.271145, 8.875929, 3.135112
-9.306699, 8.878207, 3.136919
-9.334627, 8.878941, 3.138396
-9.366694, 8.880729, 3.139858
-9.401447, 8.879709, 3.134936
-9.430951, 8.884813, 3.133285
-9.471196, 8.884068, 3.133926
-9.497878, 8.882783, 3.129556
-9.531135, 8.886782, 3.130619
-9.569807, 8.884097, 3.122698
-9.619893, 8.880590, 3.109015
-9.670098, 8.880137, 3.106512
-9.707423, 8.881074, 3.107933
-9.744800, 8.884944, 3.108622
-9.784350, 8.891530, 3.119938
-9.826083, 8.894579, 3.108977
-9.861373, 8.900688, 3.120126
-9.900652, 8.901802, 3.131989
-9.932181, 8.902753, 3.127801
-9.967100, 8.904194, 3.119186
-10.003338, 8.906694, 3.119463
-10.045522, 8.909185, 3.125403
-10.084508, 8.912869, 3.129493
-10.114403, 8.917320, 3.131309
-10.145943, 8.920675, 3.126578
-10.185589, 8.918817, 3.115355
-10.223430, 8.917207, 3.098901
-10.289968, 8.920755, 3.123432
-10.351521, 8.920755, 3.127088
-10.402857, 8.921108, 3.124697
-10.440871, 8.921763, 3.126462
-10.480542, 8.929929, 3.131408
-10.519435, 8.932021, 3.135536
-10.551857, 8.932330, 3.133415
-10.586616, 8.939141, 3.134897
-10.620715, 8.937779, 3.137091
-10.646946, 8.942460, 3.140157
-10.683726, 8.941881, 3.137187
-10.734589, 8.940869, 3.113970
-10.778430, 8.937442, 3.113587
-10.809594, 8.938348, 3.115966
-10.845886, 8.938292, 3.118136
-10.880664, 8.942047, 3.119600
-10.917008, 8.946733, 3.122203
-10.951092, 8.948373, 3.126087
-10.977558, 8.946207, 3.123166
-11.012300, 8.946769, 3.124818
-11.061171, 8.945766, 3.095062
-11.095914, 8.948007, 3.097244
-11.145873, 8.950720, 3.098819
-11.173856, 8.954700, 3.103464
-11.184994, 8.958112, 3.104955
-11.193138, 8.961629, 3.105464
-11.216305, 8.964474, 3.107862
-11.249388, 8.964185, 3.099510
-11.327463, 8.963789, 3.110388
-11.372813, 8.962015, 3.111607
-11.412900, 8.965511, 3.117588
-11.447420, 8.964742, 3.114447
-11.474605, 8.966360, 3.120266
-11.521379, 8.971265, 3.089734
-11.559594, 8.974545, 3.094447
-11.598075, 8.978758, 3.106418
-11.623329, 8.979767, 3.095743
-11.642970, 8.983458, 3.099574
-11.683072, 8.988949, 3.083942
-11.705338, 8.991949, 3.079944
-11.736084, 8.995930, 3.079686
-11.758596, 9.000428, 3.082366
-11.783629, 9.002278, 3.090203
-11.852022, 8.999502, 3.095238
-11.891627, 9.000294, 3.096143
-11.917230, 9.000959, 3.096031
-11.946548, 9.000635, 3.097482
-11.966143, 9.003676, 3.078985
-11.989099, 9.010676, 3.072294
-12.004911, 9.016782, 3.072292
-12.034084, 9.018579, 3.084865
-12.070588, 9.012092, 3.105243
-12.094399, 9.010803, 3.099618
-12.122785, 9.012475, 3.073618
-12.141827, 9.021028, 3.073660
-12.163551, 9.025204, 3.073329
-12.218428, 9.023779, 3.068633
-12.240825, 9.027363, 3.069816
-12.263358, 9.030543, 3.065900
-12.274249, 9.032057, 3.064275
-12.316928, 9.028912, 3.075892
-12.339316, 9.030678, 3.071993
-12.356236, 9.031139, 3.067856
-12.369372, 9.033795, 3.065501
-12.399572, 9.031717, 3.081604
-12.436352, 9.039322, 3.061523
-12.476478, 9.039631, 3.075257
-12.494723, 9.041248, 3.076229
-12.513775, 9.048651, 3.067094
-12.548089, 9.048133, 3.064657
-12.570651, 9.055077, 3.059128
-12.591014, 9.064453, 3.042642
-12.625086, 9.065433, 3.035270
-12.653060, 9.074011, 3.011544
-12.697476, 9.082557, 3.000271
-12.715650, 9.090733, 2.997139
-12.745599, 9.097870, 2.978769
-12.787047, 9.112841, 2.962053
-12.821791, 9.122438, 2.959447
-12.880144, 9.129816, 2.945924
-12.908224, 9.140856, 2.932624
-12.938324, 9.152625, 2.919393
-12.947657, 9.163140, 2.917297
-12.968331, 9.178937, 2.908497
-12.981528, 9.194313, 2.900907
-13.010895, 9.210936, 2.861777
-13.051219, 9.226932, 2.841718
-13.070581, 9.246638, 2.839631
-13.095302, 9.259842, 2.842785
-13.127950, 9.274548, 2.841778
-13.152560, 9.287737, 2.838179
-13.187363, 9.297763, 2.847006
-13.201432, 9.308306, 2.842256
-13.232103, 9.306563, 2.857710
-13.259946, 9.317672, 2.866679
-13.279898, 9.320993, 2.879672
-13.321996, 9.321675, 2.925459
-13.361360, 9.325641, 2.943213
-13.393096, 9.314181, 2.995123
-13.421005, 9.320889, 3.007547
-13.465660, 9.321020, 3.043429
-13.502936, 9.311763, 3.100570
-13.531849, 9.306745, 3.114385
-13.571470, 9.293325, -3.126972
-13.596962, 9.286344, -3.085465
-13.639614, 9.276111, -3.052033
-13.671075, 9.246389, -2.995487
-13.721104, 9.217138, -2.971848
-13.752289, 9.205451, -2.932983
-13.789197, 9.181829, -2.885333
-13.820046, 9.176605, -2.833786
-13.847619, 9.155597, -2.797006
-13.874290, 9.134213, -2.765134
-13.909395, 9.100680, -2.701706
-13.928976, 9.079181, -2.679255
-13.955620, 9.041869, -2.617787
-13.986832, 9.017994, -2.592771
-14.004951, 8.981896, -2.532877
-14.014072, 8.963124, -2.530789
-14.040279, 8.933970, -2.489985
-14.081058, 8.909190, -2.424204
-14.099897, 8.867475, -2.406520
-14.098038, 8.823058, -2.371326
-14.132727, 8.782774, -2.304393
-14.148973, 8.736704, -2.283222
-14.180367, 8.699429, -2.217969
-14.171061, 8.655469, -2.194119
-14.191609, 8.617020, -2.152360
-14.203420, 8.577537, -2.101203
-14.214789, 8.526950, -2.046220
-14.220454, 8.480181, -2.025527
-14.220906, 8.430878, -2.004658
-14.233337, 8.379137, -1.936867
-14.194300, 8.346009, -1.955923
-14.202012, 8.304883, -1.904245
-14.181079, 8.274584, -1.877061
-14.181953, 8.235258, -1.842474
-14.176877, 8.201962, -1.793483
-14.181469, 8.162717, -1.751003
-14.180344, 8.127485, -1.711854
-14.166339, 8.092713, -1.685507
-14.148135, 8.064709, -1.679953
-14.134462, 8.040471, -1.646243
-14.124192, 8.018842, -1.647711
-14.120427, 7.975168, -1.587979
-14.095285, 7.952364, -1.568353
-14.105902, 7.918520, -1.523925
-14.089904, 7.883245, -1.512010
-14.087966, 7.848187, -1.459164
-14.085649, 7.806329, -1.441503
-14.079197, 7.762104, -1.437978
-14.058605, 7.719578, -1.442158
-14.054870, 7.676973, -1.439999
-14.033314, 7.635959, -1.452670
-14.022513, 7.603647, -1.456188
-14.009577, 7.589164, -1.458734
-14.010315, 7.565051, -1.458766
-14.015717, 7.547865, -1.457322
-14.013336, 7.507649, -1.455690
-14.013235, 7.455800, -1.458187
-14.001919, 7.401114, -1.468388
-14.001863, 7.355752, -1.465843
-14.006058, 7.319031, -1.462779
-13.990418, 7.274259, -1.467927
-13.981529, 7.235345, -1.470473
-13.969411, 7.192482, -1.472589
-13.965701, 7.141155, -1.466915
-13.966166, 7.106863, -1.458894
-13.970512, 7.067282, -1.455615
-13.965287, 7.033397, -1.461429
-13.962226, 6.986120, -1.462075
-13.955177, 6.963880, -1.471965
-13.948124, 6.925923, -1.474100
-13.950640, 6.894814, -1.466351
-13.953449, 6.869720, -1.470014
-13.948203, 6.830140, -1.475722
-13.939277, 6.796696, -1.475603
-13.941641, 6.758728, -1.472800
-13.944315, 6.740222, -1.476177
-13.918725, 6.707348, -1.477945
-13.912770, 6.677217, -1.479679
-13.910944, 6.651611, -1.483158
-13.915093, 6.592491, -1.490669
-13.914684, 6.549716, -1.491559
-13.910851, 6.520936, -1.497123
-13.919158, 6.496724, -1.492732
-13.916622, 6.464927, -1.493061
-13.914901, 6.430522, -1.496534
-13.893160, 6.380417, -1.490945
-13.889332, 6.339213, -1.492745
-13.884308, 6.315940, -1.492628
-13.889926, 6.284347, -1.491725
-13.898376, 6.243363, -1.488741
-13.888885, 6.206110, -1.486927
-13.892377, 6.166334, -1.486872
-13.882107, 6.129468, -1.486526
-13.891543, 6.103165, -1.485259
-13.892877, 6.077613, -1.484592
-13.881244, 6.040111, -1.483259
-13.882203, 5.997755, -1.485590
-13.887295, 5.966603, -1.485842
-13.856557, 5.908943, -1.483277
-13.842478, 5.875931, -1.487693
-13.824408, 5.818451, -1.487522
-13.818401, 5.780453, -1.490457
-13.820763, 5.749079, -1.491719
-13.822512, 5.701426, -1.490071
-13.821281, 5.664899, -1.485536
-13.822042, 5.605238, -1.486039
-13.820344, 5.573488, -1.486955
-13.818945, 5.526329, -1.487083
-13.813476, 5.499378, -1.489428
-13.811102, 5.449717, -1.492259
-13.804822, 5.404517, -1.491796
-13.801317, 5.365682, -1.495473
-13.799268, 5.322398, -1.497284
-13.799209, 5.277015, -1.492920
-13.801106, 5.240996, -1.499034
-13.805832, 5.205831, -1.495672
-13.806928, 5.170465, -1.520602
-13.802114, 5.125042, -1.540677
-13.802974, 5.067549, -1.546389
-13.800008, 5.015204, -1.540341
-13.791860, 4.965068, -1.544459
-13.789354, 4.927018, -1.546276
-13.797667, 4.881562, -1.542166
-13.806010, 4.831793, -1.543471
-13.797990, 4.793422, -1.545943
-13.794552, 4.743986, -1.551386
-13.794557, 4.695533, -1.552439
-13.796143, 4.644938, -1.554451
-13.786299, 4.612706, -1.562359
-13.770908, 4.562295, -1.568326
-13.769748, 4.518937, -1.570305
-13.768333, 4.482222, -1.569699
-13.767471, 4.443039, -1.572677
-13.768142, 4.408240, -1.571827
-13.772851, 4.375335, -1.568700
-13.768313, 4.331234, -1.586598
-13.756452, 4.293329, -1.597145
-13.778640, 4.242035, -1.580719
-13.786477, 4.197328, -1.578518
-13.796158, 4.140016, -1.577968
-13.800984, 4.101888, -1.572545
-13.803415, 4.075620, -1.571752
-13.801014, 4.049235, -1.571870
-13.803440, 4.012092, -1.569615
-13.800813, 3.971300, -1.567490
-13.808710, 3.935746, -1.564842
-13.799968, 3.907388, -1.568665
-13.800189, 3.868054, -1.566418
-13.800036, 3.830028, -1.567554
-13.801619, 3.788123, -1.565229
-13.806903, 3.745463, -1.565095
-13.801183, 3.712461, -1.571241
-13.806134, 3.671752, -1.568559
-13.802087, 3.630728, -1.578255
-13.815539, 3.580351, -1.587648
-13.815254, 3.542766, -1.598887
-13.823351, 3.495988, -1.591800
-13.823330, 3.455630, -1.591376
-13.817222, 3.408860, -1.599216
-13.818438, 3.376164, -1.597935
-13.820946, 3.335340, -1.594429
-13.833344, 3.297584, -1.588237
-13.830808, 3.247850, -1.587885
-13.829452, 3.211925, -1.587585
-13.831047, 3.171499, -1.583057
-13.843520, 3.126835, -1.578469
-13.851889, 3.097607, -1.575896
-13.836902, 3.073103, -1.578437
-13.848156, 3.039589, -1.571310
-13.851287, 3.008154, -1.582468
-13.887500, 2.965958, -1.570283
-13.894112, 2.927837, -1.570341
-13.907210, 2.879549, -1.563409
-13.923792, 2.843010, -1.558686
-13.910174, 2.795794, -1.563649
-13.912569, 2.761794, -1.560809
-13.914201, 2.729024, -1.557626
-13.907697, 2.690033, -1.558282
-13.904740, 2.652634, -1.555239
-13.912339, 2.626269, -1.552378
-13.936367, 2.583477, -1.552252
-13.935263, 2.529829, -1.559023
-13.939119, 2.490486, -1.555923
-13.945256, 2.455304, -1.549178
-13.924745, 2.408107, -1.557119
-13.906669, 2.358981, -1.561827
-13.904052, 2.319590, -1.560827
-13.895119, 2.286411, -1.562797
-13.891463, 2.245942, -1.566122
-13.907924, 2.188750, -1.571856
-13.912338, 2.142316, -1.566811
-13.912894, 2.109157, -1.564074
-13.916162, 2.085429, -1.559847
-13.917685, 2.060109, -1.560515
-13.914359, 2.037765, -1.561800
-13.908200, 2.008359, -1.567846
-13.922190, 1.959791, -1.574674
-13.924013, 1.922428, -1.572655
-13.913410, 1.896582, -1.574143
-13.914219, 1.867579, -1.576272
-13.910320, 1.840728, -1.580225
-13.915212, 1.813321, -1.577268
-13.923360, 1.768828, -1.583564
-13.931401, 1.740204, -1.580710
-13.935051, 1.718799, -1.577700
-13.934734, 1.699997, -1.577695
-13.929763, 1.677455, -1.582917
-13.931910, 1.648069, -1.582665
-13.931894, 1.607559, -1.589874
-13.932569, 1.582466, -1.596337
-13.934084, 1.551716, -1.601707
-13.939903, 1.519374, -1.614449
-13.943004, 1.488914, -1.609089
-13.937579, 1.477402, -1.622223
-13.940582, 1.465145, -1.625218
-13.946562, 1.451103, -1.633957
-13.951113, 1.442100, -1.632873
-13.960966, 1.413816, -1.644090
-13.956052, 1.390196, -1.650835
-13.971301, 1.350505, -1.661703
-13.977586, 1.319141, -1.668523
-13.989323, 1.296688, -1.669586
-13.999084, 1.266518, -1.683212
-13.998898, 1.243997, -1.696410
-14.003603, 1.219491, -1.694223
-14.012832, 1.177101, -1.707317
-14.020717, 1.142908, -1.718753
-14.027370, 1.129552, -1.726632
-14.039861, 1.125752, -1.739868
-14.049265, 1.120206, -1.736141
-14.059969, 1.090902, -1.755079
-14.068630, 1.067340, -1.759191
-14.072516, 1.048254, -1.767945
-14.081338, 1.022207, -1.781062
-14.081833, 1.004485, -1.789677
-14.088703, 0.982434, -1.805054
-14.101714, 0.963579, -1.807362
-14.107683, 0.946892, -1.809806
-14.118245, 0.922617, -1.813646
-14.127960, 0.898181, -1.808790
-14.134979, 0.882214, -1.812772
-14.139195, 0.862325, -1.812504
-14.154047, 0.826117, -1.818752
-14.156585, 0.795637, -1.820277
-14.163196, 0.774693, -1.817138
-14.175750, 0.738728, -1.818867
-14.193231, 0.709531, -1.819519
-14.204572, 0.681067, -1.822240
-14.219314, 0.650428, -1.824659
-14.234108, 0.617084, -1.826443
-14.241291, 0.585755, -1.825756
-14.258261, 0.550438, -1.821225
-14.263503, 0.520625, -1.818152
-14.270307, 0.491213, -1.813472
-14.280447, 0.452527, -1.801362
-14.276264, 0.422841, -1.794573
-14.278970, 0.397048, -1.785632
-14.284049, 0.369258, -1.769503
-14.291468, 0.341540, -1.756456
-14.293428, 0.308168, -1.734335
-14.292842, 0.267059, -1.714422
-14.281821, 0.239231, -1.712536
-14.280158, 0.223385, -1.701079
-14.290676, 0.198802, -1.680134
-14.291708, 0.168650, -1.653515
-14.300204, 0.144128, -1.650583
-14.285967, 0.117947, -1.632080
-14.286258, 0.087959, -1.621217
-14.283535, 0.052722, -1.593606
-14.272970, 0.023613, -1.571023
-14.265400, 0.004563, -1.557112
-14.256813, -0.024132, -1.536692
-14.247993, -0.051562, -1.509146
-14.240814, -0.084044, -1.496407
-14.226476, -0.107578, -1.469892
-14.217891, -0.137797, -1.428187
-14.207052, -0.159076, -1.404701
-14.180698, -0.184375, -1.376281
-14.174211, -0.204103, -1.354734
-14.171409, -0.225403, -1.330699
-14.158732, -0.242303, -1.314326
-14.139085, -0.255666, -1.270406
-14.116854, -0.268403, -1.236581
-14.092588, -0.277396, -1.222249
-14.071486, -0.291897, -1.184894
-14.034459, -0.313465, -1.149336
-14.003804, -0.314934, -1.134872
-13.986225, -0.335850, -1.095429
-13.961647, -0.356992, -1.063328
-13.937884, -0.369009, -1.047424
-13.916436, -0.386225, -1.011183
-13.891759, -0.405515, -0.970752
-13.863614, -0.415935, -0.955505
-13.845433, -0.443013, -0.904250
-13.814978, -0.463746, -0.858114
-13.793445, -0.485918, -0.832238
-13.760950, -0.508139, -0.781091
-13.732650, -0.526869, -0.723444
-13.695601, -0.535604, -0.704538
-13.655233, -0.545403, -0.648342
-13.627554, -0.544774, -0.628065
-13.592709, -0.558084, -0.575566
-13.551324, -0.564258, -0.531278
-13.518544, -0.569630, -0.505529
-13.477915, -0.573332, -0.457152
-13.421920, -0.574724, -0.408592
-13.384472, -0.580498, -0.378189
-13.365390, -0.579097, -0.359172
-13.317667, -0.570080, -0.283282
-13.286725, -0.563224, -0.288928
-13.237249, -0.563372, -0.235701
-13.209214, -0.549337, -0.217429
-13.174129, -0.547712, -0.165899
-13.138737, -0.548481, -0.116023
-13.121290, -0.543595, -0.097236
-13.075121, -0.536732, -0.053199
-13.023425, -0.528706, -0.010157
-12.975842, -0.520975, 0.011614
-12.969631, -0.505367, 0.050485
-12.920696, -0.487683, 0.091270
-12.887716, -0.471780, 0.111494
-12.792060, -0.459476, 0.156572
-12.644662, -0.457137, 0.212631
-12.553358, -0.452963, 0.225343
-12.495111, -0.437639, 0.274704
-12.474300, -0.425794, 0.287907
-12.428243, -0.404419, 0.287688
-12.394797, -0.380082, 0.284183
-12.352181, -0.366614, 0.287370
-12.323233, -0.349012, 0.286916
-12.307369, -0.337923, 0.286045
-12.273643, -0.327705, 0.287552
-12.254017, -0.316937, 0.286635
-12.222211, -0.307531, 0.283867
-12.171969, -0.291725, 0.278725
-12.139551, -0.288896, 0.279783
-12.110576, -0.279750, 0.279188
-12.076077, -0.273116, 0.276852
-12.013465, -0.261647, 0.272522
-11.930888, -0.253875, 0.270715
-11.951084, -0.256761, 0.272600
-11.852545, -0.238363, 0.263969
-11.798978, -0.227117, 0.262518
-11.706089, -0.209690, 0.249059
-11.603862, -0.199281, 0.237757
-11.536458, -0.195235, 0.235674
-11.457451, -0.190438, 0.228729
-11.383375, -0.187485, 0.227575
-11.334918, -0.179179, 0.218397
-11.288561, -0.175485, 0.217417
-11.241547, -0.173948, 0.217615
-11.191700, -0.169648, 0.217176
-11.155558, -0.163800, 0.214327
-11.116936, -0.154115, 0.212176
-11.085021, -0.145666, 0.205952
-11.039634, -0.137972, 0.202054
-10.991817, -0.129774, 0.195079
-10.942373, -0.126695, 0.184051
-10.913069, -0.119252, 0.175195
-10.872437, -0.115908, 0.157250
-10.824187, -0.114032, 0.143176
-10.800042, -0.113262, 0.128315
-10.773989, -0.112628, 0.114104
-10.732521, -0.109432, 0.098409
-10.704998, -0.110063, 0.086994
-10.661487, -0.116741, 0.081516
-10.638895, -0.116053, 0.070745
-10.596228, -0.117334, 0.058337
-10.548318, -0.115009, 0.062099
-10.508262, -0.113980, 0.063560
-10.487338, -0.114596, 0.061167
-10.439573, -0.115661, 0.062243
-10.428546, -0.119632, 0.063371
-10.391158, -0.120289, 0.057679
-10.392266, -0.115405, 0.054573
-10.349687, -0.118022, 0.056058
-10.332785, -0.118266, 0.052718
-10.295754, -0.121046, 0.050357
-10.272982, -0.121581, 0.049216
-10.246460, -0.123357, 0.045743
-10.185964, -0.121745, 0.040210
-10.160753, -0.121128, 0.036620
-10.125048, -0.121403, 0.031633
-10.063724, -0.123250, 0.031803
-10.032995, -0.126046, 0.032187
-10.009891, -0.127130, 0.032066
-9.976087, -0.128311, 0.034220
-9.935883, -0.128813, 0.030735
-9.904649, -0.128757, 0.031696
-9.872982, -0.129400, 0.028919
-9.833497, -0.128110, 0.027360
-9.790224, -0.129815, 0.026546
-9.754373, -0.126162, 0.024017
-9.728576, -0.126792, 0.021989
-9.712592, -0.128199, 0.023610
-9.668696, -0.122106, 0.017277
-9.614837, -0.120301, 0.009446
-9.563297, -0.121063, 0.005781
-9.554457, -0.122102, 0.001729
-9.508438, -0.125810, -0.001475
-9.434872, -0.128713, -0.000376
-9.374891, -0.130182, -0.003831
-9.366531, -0.130433, -0.007822
-9.348178, -0.128512, -0.012281
-9.306034, -0.130259, -0.014465
-9.293250, -0.129516, -0.017117
-9.277138, -0.130068, -0.018114
-9.238173, -0.134708, -0.020493
-9.175024, -0.137785, -0.019521
-9.131983, -0.142997, -0.020119
-9.100385, -0.148234, -0.018734
-9.095859, -0.151374, -0.021445
-9.036533, -0.154344, -0.021111
-9.017109, -0.160460, -0.019235
-8.982672, -0.162470, -0.022733
-8.957347, -0.164207, -0.022175
-8.916310, -0.165444, -0.022814
-8.882677, -0.166634, -0.023528
-8.856207, -0.170879, -0.024651
-8.816629, -0.174881, -0.023455
-8.780917, -0.173145, -0.026086
-8.767237, -0.177092, -0.027065
-8.743040, -0.173385, -0.030871
-8.721985, -0.175913, -0.031539
-8.652932, -0.178486, -0.030139
-8.601087, -0.184343, -0.029261
-8.572193, -0.188781, -0.030123
-8.508657, -0.191510, -0.033232
-8.472698, -0.194436, -0.034489
-8.437908, -0.195616, -0.036582
-8.417489, -0.198365, -0.042241
-8.374666, -0.199962, -0.041443
-8.354483, -0.198595, -0.043668
-8.306477, -0.202918, -0.036491
-8.268117, -0.205223, -0.036062
-8.243133, -0.207483, -0.035612
-8.168177, -0.209315, -0.033265
-8.118967, -0.210013, -0.022236
-8.067866, -0.207927, -0.022201
-8.041105, -0.205505, -0.019868
-7.988119, -0.210326, -0.010934
-7.931046, -0.212734, -0.004047
-7.914140, -0.215069, -0.002531
-7.887782, -0.215620, 0.000117
-7.877298, -0.218115, 0.000572
-7.827782, -0.217305, -0.000746
-7.774259, -0.217305, -0.002764
-7.729707, -0.220711, -0.003693
-7.718719, -0.223704, -0.005078
-7.695155, -0.224785, -0.007302
-7.643248, -0.226221, -0.011545
-7.618796, -0.227828, -0.012822
-7.566960, -0.229004, -0.015541
-7.536265, -0.230028, -0.016832
-7.531878, -0.233787, -0.017350
-7.487068, -0.233312, -0.018798
-7.474850, -0.236360, -0.015779
-7.400001, -0.238470, -0.014666
-7.342358, -0.237628, -0.014681
-7.334952, -0.237125, -0.008042
-7.306603, -0.234145, -0.007544
-7.240536, -0.231293, -0.003305
-7.210509, -0.228066, -0.000986
-7.179116, -0.231308, 0.000320
-7.128953, -0.237398, 0.002779
-7.081570, -0.235361, 0.004228
-7.068592, -0.239655, 0.006612
-7.000698, -0.238630, 0.006948
-6.980977, -0.239161, 0.007441
-6.922364, -0.238946, 0.004531
-6.875070, -0.240194, 0.003050
-6.854627, -0.243307, 0.003466
-6.796170, -0.242518, -0.001826
-6.779970, -0.240469, -0.002270
-6.693613, -0.240371, -0.003853
-6.660683, -0.240929, -0.005492
-6.656602, -0.248461, -0.004231
-6.629937, -0.253957, -0.002598
-6.597545, -0.249957, -0.003095
-6.608746, -0.251852, -0.003419
-6.569330, -0.259240, -0.001769
-6.476969, -0.258937, -0.002370
-6.408709, -0.257125, -0.002020
-6.384586, -0.257508, -0.001750
-6.361084, -0.258373, 0.004059
-6.352902, -0.263360, 0.015428
-6.313265, -0.266874, 0.018149
-6.322353, -0.271486, 0.017306
-6.273995, -0.266149, 0.012128
-6.264513, -0.263949, 0.010592
-6.252514, -0.263381, 0.009716
-6.233776, -0.268421, 0.010411
-6.258854, -0.265182, 0.008536
-6.236547, -0.264409, 0.007833
-6.244974, -0.263343, 0.005462
-6.214434, -0.267070, 0.004838
-6.156433, -0.265956, 0.004854
-6.105920, -0.267430, 0.001620
-6.084082, -0.269955, 0.001435
-6.053975, -0.272346, 0.002990
-6.040707, -0.272987, 0.002584
-6.023231, -0.275097, 0.004953
-6.029107, -0.278944, 0.005160
-6.094676, -0.276745, 0.003954
-6.034002, -0.276790, 0.005282
-6.024625, -0.269918, 0.004623
-5.973507, -0.268420, 0.008128
-5.922878, -0.268865, 0.007546
-5.933333, -0.265776, 0.008746
-5.879590, -0.267581, 0.009728
-5.850146, -0.267183, 0.010166
-5.807287, -0.271223, 0.013498
-5.763273, -0.276081, 0.014592
-5.734251, -0.278872, 0.013197
-5.683556, -0.283180, 0.017184
-5.655507, -0.282671, 0.016631
-5.592422, -0.281832, 0.013218
-5.550556, -0.280638, 0.009447
-5.499985, -0.282839, 0.009889
-5.457960, -0.284375, 0.008481
-5.440420, -0.286288, 0.005060
-5.416565, -0.286295, 0.001418
-5.383848, -0.288837, 0.003588
-5.355143, -0.289941, 0.000598
-5.325984, -0.290188, -0.000743
-5.310646, -0.295764, -0.000875
-5.264454, -0.295642, -0.003644
-5.248046, -0.298445, -0.000484
-5.204559, -0.301046, -0.001940
-5.155625, -0.304742, -0.002871
-5.099771, -0.304724, -0.004003
-5.072501, -0.305779, -0.004064
-5.049404, -0.304967, -0.003465
-5.034830, -0.304248, 0.000552
-4.972287, -0.304320, -0.001211
-4.936858, -0.309497, 0.002099
-4.898658, -0.312266, 0.005572
-4.826111, -0.312427, 0.001377
-4.828231, -0.308108, -0.001007
-4.799805, -0.308415, 0.000656
-4.780200, -0.307333, 0.000222
-4.751951, -0.303892, 0.002186
-4.718404, -0.304794, 0.002420
-4.644307, -0.304868, 0.001669
-4.573453, -0.301357, 0.002549
-4.507855, -0.302541, 0.003890
-4.454891, -0.299604, 0.001929
-4.409285, -0.300444, 0.001711
-4.355099, -0.303813, 0.003842
-4.292914, -0.301596, 0.000027
-4.304226, -0.298678, 0.001171
-4.251290, -0.301590, 0.001834
-4.188410, -0.300568, 0.002067
-4.114725, -0.305765, 0.006554
-4.045839, -0.309982, 0.008666
-3.977100, -0.305035, 0.007927
-3.907605, -0.305097, 0.009374
-3.885451, -0.305135, 0.009351
-3.843785, -0.306949, 0.010870
-3.787976, -0.310575, 0.010929
-3.748905, -0.316996, 0.012603
-3.696525, -0.314565, 0.010942
-3.611425, -0.315864, 0.010077
-3.547082, -0.315738, 0.009772
-3.543811, -0.318412, 0.010521
-3.488995, -0.320113, 0.008096
-3.430813, -0.321551, 0.008869
-3.447016, -0.325743, 0.010837
-3.382309, -0.329275, 0.014147
-3.337084, -0.325221, 0.017023
-3.323095, -0.326874, 0.018855
-3.295909, -0.332521, 0.028558
-3.315337, -0.336128, 0.027129
-3.248541, -0.333443, 0.019885
-3.211878, -0.335352, 0.021932
-3.159625, -0.336913, 0.023168
-3.127319, -0.340118, 0.018640
-3.057011, -0.338808, 0.014988
-3.017368, -0.338232, 0.013281
-2.996913, -0.334375, 0.008765
-2.943610, -0.333876, 0.011288
-2.962906, -0.332945, 0.004669
-2.880929, -0.331278, 0.001487
-2.857509, -0.334081, -0.002070
-2.806493, -0.336341, -0.004372
-2.752341, -0.335884, -0.003660
-2.690833, -0.336387, -0.004760
-2.593366, -0.342545, -0.003497
-2.527687, -0.343647, -0.003548
-2.431715, -0.342097, -0.004291
-2.375536, -0.341538, -0.002455
-2.340330, -0.342592, -0.002866
-2.305367, -0.346441, 0.000672
-2.306742, -0.345707, 0.004842
-2.218148, -0.347945, 0.006557
-2.129885, -0.346438, 0.007120
-2.136860, -0.346461, 0.005487
-2.115574, -0.346583, 0.007214
-2.035853, -0.346278, 0.004024
-2.009606, -0.346709, 0.004459
-1.950243, -0.350840, 0.005583
-1.900578, -0.354839, 0.010658
-1.938186, -0.359268, 0.011209
-1.883992, -0.362163, 0.012059
-1.829253, -0.361548, 0.012426
-1.781879, -0.361938, 0.014448
-1.739238, -0.363443, 0.009456
-1.691302, -0.367389, 0.015416
-1.612415, -0.366068, 0.017701
-1.577258, -0.368445, 0.019300
-1.520167, -0.366926, 0.018908
-1.441742, -0.363511, 0.015177
-1.394887, -0.365754, 0.017369
-1.366856, -0.365203, 0.012210
-1.372971, -0.366259, 0.012869
-1.343862, -0.367360, 0.013747
-1.266559, -0.369260, 0.009444
-1.296965, -0.364272, 0.007098
-1.262217, -0.367786, 0.008710
-1.169781, -0.363804, 0.008483
-1.099913, -0.367946, 0.008356
-1.031245, -0.367472, 0.006539
-1.021927, -0.366929, 0.007040
-1.012690, -0.369352, 0.008352
-0.969737, -0.372299, 0.008977
-0.967406, -0.372837, 0.009645
-0.951648, -0.376552, 0.013430
-0.880391, -0.374588, 0.015115
-0.868857, -0.370925, 0.012980
-0.792684, -0.374443, 0.013807
-0.712245, -0.375026, 0.011480
-0.685581, -0.376361, 0.013742
-0.662110, -0.373495, 0.010328
-0.614189, -0.370821, 0.008796
-0.516949, -0.374713, 0.009866
-0.466820, -0.369325, 0.007791
-0.371664, -0.369085, 0.007763
-0.273730, -0.368754, 0.009409
-0.272475, -0.371062, 0.011228
