0.000000, 0.000000, 0.000000, 0.000000
0.000000, 0.000000, 0.000000, 0.000000
0.000000, 0.000000, 0.000000, 0.176400
0.000000, 0.000000, 0.000000, 0.450800
-0.000000, 0.000000, -0.000001, 0.000006
-0.000000, 0.000000, -0.000001, 0.000007
-0.000000, 0.000000, -0.000001, 0.000007
-0.000000, 0.000000, -0.000001, 0.000007
-0.000000, 0.000000, -0.000001, 0.000007
-0.000000, 0.000000, -0.000001, 0.000007
-0.000000, 0.000000, -0.000001, 0.000007
-0.000000, 0.000000, -0.000001, 0.000007
-0.000000, 0.000000, -0.000001, 0.000007
-0.000000, 0.000000, -0.000001, 0.000007
-0.000000, 0.000000, -0.000001, 0.000007
-0.000000, 0.000000, -0.000001, 0.000007
-0.000000, 0.000000, -0.000001, 0.000007
-0.000000, 0.000000, -0.000001, 0.000007
-0.000000, 0.000000, -0.000001, 0.000007
-0.000000, 0.000000, -0.000001, 0.000007
-0.000000, 0.000000, -0.000001, 0.000007
-0.000001, 0.000000, -0.000001, 0.000007
-0.000001, 0.000000, -0.000001, 0.000007
-0.000001, 0.000000, -0.000001, 0.000007
-0.000001, 0.000000, -0.000001, 0.000007
-0.000001, 0.000000, -0.000001, 0.000007
-0.000001, 0.000000, -0.000001, 0.000007
-0.000001, 0.000000, -0.000001, 0.000007
-0.000001, 0.000000, -0.000001, 0.000007
-0.000001, 0.000000, -0.000001, 0.000007
-0.000001, 0.000000, -0.000001, 0.000007
0.000005, -0.000008, 0.000149, 0.011000
0.009069, 0.000037, -0.001056, 0.391812
0.026586, -0.000009, -0.001483, 0.573271
0.056108, -0.000137, -0.002607, 0.709198
0.112421, -0.000444, -0.006875, 0.826104
0.150540, -0.000869, -0.010145, 0.876402
0.201094, -0.001618, -0.016458, 0.971339
0.252131, -0.002601, -0.022344, 1.002963
0.281084, -0.003310, -0.024228, 0.995474
0.339957, -0.004798, -0.026697, 0.993948
0.404897, -0.006769, -0.032843, 1.006993
0.436857, -0.007873, -0.036052, 1.002883
0.503765, -0.010388, -0.040364, 0.998099
0.517730, -0.010949, -0.040959, 1.003008
0.594643, -0.014212, -0.043533, 1.006244
0.648546, -0.016572, -0.044303, 0.993909
0.704447, -0.019056, -0.045112, 1.002660
0.754365, -0.021318, -0.045248, 1.002467
0.801292, -0.023444, -0.045863, 0.996010
0.844235, -0.025427, -0.046420, 1.001626
0.895162, -0.027740, -0.045983, 0.998484
0.946071, -0.029990, -0.044564, 0.993908
0.999001, -0.032344, -0.042749, 0.999187
1.054944, -0.034722, -0.041825, 1.003343
1.100802, -0.036589, -0.041180, 0.997497
1.138772, -0.038122, -0.039419, 1.001888
1.191738, -0.040138, -0.036865, 1.002368
1.251570, -0.042330, -0.035986, 0.997972
1.294524, -0.043848, -0.035273, 0.998307
1.339472, -0.045406, -0.033466, 0.994693
1.389428, -0.047082, -0.033311, 1.001294
1.444323, -0.048805, -0.030843, 1.000739
1.491217, -0.050214, -0.028550, 0.999854
1.536195, -0.051492, -0.028215, 0.999966
1.594173, -0.053124, -0.027960, 1.000012
1.631100, -0.054113, -0.026734, 1.000181
1.677096, -0.055313, -0.024678, 1.000435
1.723100, -0.056418, -0.022588, 1.000414
1.794110, -0.057939, -0.019456, 1.000328
1.843115, -0.058852, -0.017366, 1.000017
1.892106, -0.059664, -0.015759, 0.999953
1.938102, -0.060387, -0.015312, 0.999995
1.995088, -0.061262, -0.015519, 0.999608
2.027087, -0.061765, -0.016012, 1.000004
2.088081, -0.062761, -0.016202, 1.000097
2.124071, -0.063288, -0.015534, 0.996717
2.196212, -0.064258, -0.011147, 1.001532
2.239438, -0.064723, -0.010152, 1.006230
2.292682, -0.065211, -0.009717, 1.008268
2.340126, -0.065656, -0.009713, 1.015029
2.389117, -0.066183, -0.009859, 0.993508
2.439099, -0.066627, -0.007735, 1.003222
2.489340, -0.066963, -0.007123, 1.004551
2.543832, -0.067337, -0.007195, 1.005105
2.605457, -0.067852, -0.009162, 1.012915
2.646828, -0.068222, -0.009945, 1.006381
2.703283, -0.068766, -0.009780, 1.005966
2.719408, -0.068917, -0.009802, 1.004638
2.800778, -0.069640, -0.008561, 1.013719
2.844243, -0.070007, -0.008984, 1.005591
2.896589, -0.070463, -0.008680, 1.007826
2.935905, -0.070814, -0.008148, 0.998651
2.999708, -0.071372, -0.007761, 0.998945
3.035519, -0.071610, -0.006775, 0.996512
3.052491, -0.071720, -0.007245, 0.995361
3.101437, -0.072128, -0.008410, 1.005922
3.187289, -0.072940, -0.009568, 1.000607
3.257621, -0.073502, -0.007336, 1.011391
3.308800, -0.073812, -0.005245, 0.991004
3.348476, -0.074010, -0.003674, 0.986277
3.383591, -0.074180, -0.003719, 1.019205
3.457842, -0.074409, -0.001977, 1.002643
3.498757, -0.074489, -0.000907, 0.993786
3.541948, -0.074514, 0.000412, 1.012513
3.599351, -0.074534, 0.000647, 1.008759
3.655563, -0.074490, 0.001178, 0.994145
3.709760, -0.074392, 0.002410, 1.006407
3.748988, -0.074287, 0.003609, 1.009503
3.801307, -0.074076, 0.004876, 1.009611
3.853594, -0.073825, 0.006271, 1.009129
3.892811, -0.073557, 0.006549, 0.995341
3.944173, -0.073218, 0.008358, 1.016334
3.998289, -0.072769, 0.007951, 1.003477
4.055448, -0.072393, 0.006405, 1.010448
4.091717, -0.072196, 0.005207, 1.003089
4.145858, -0.071927, 0.004754, 0.992596
4.205801, -0.071623, 0.004872, 0.995435
4.225891, -0.071527, 0.004709, 0.995379
4.298150, -0.071218, 0.003793, 0.994065
4.343305, -0.071072, 0.003383, 1.008388
4.401671, -0.070916, 0.002511, 1.011452
4.401671, -0.070916, 0.002511, 1.011452
4.481956, -0.070745, 0.002362, 1.010984
4.561022, -0.070544, 0.003533, 1.001847
4.597155, -0.070451, 0.002760, 1.005103
4.654748, -0.070270, 0.004316, 1.017228
4.713200, -0.069960, 0.006043, 1.014442
4.757520, -0.069651, 0.007319, 1.015135
4.813690, -0.069325, 0.006781, 1.004839
4.857547, -0.069013, 0.006516, 1.003535
4.896417, -0.068746, 0.005806, 0.992449
4.936410, -0.068522, 0.005522, 0.998590
5.013280, -0.068104, 0.005386, 1.003134
5.064604, -0.067809, 0.006128, 1.006572
5.099683, -0.067598, 0.005378, 1.006384
5.158950, -0.067362, 0.003116, 1.003563
5.203033, -0.067251, 0.001646, 1.004013
5.260252, -0.067205, 0.001020, 1.020090
5.301759, -0.067203, 0.000746, 0.995333
5.342866, -0.067213, -0.000283, 1.004979
5.404906, -0.067325, -0.002337, 1.007541
5.429875, -0.067413, -0.003390, 0.989621
5.502343, -0.067635, -0.003076, 1.004274
5.558551, -0.067815, -0.001963, 1.005149
5.599020, -0.067906, -0.001587, 1.004737
5.659493, -0.067985, -0.001208, 1.005742
5.714368, -0.068110, -0.002826, 0.998745
5.726260, -0.068188, -0.003139, 0.999510
5.813791, -0.068436, -0.002232, 0.997597
5.849963, -0.068576, -0.001884, 0.992968
5.895070, -0.068663, -0.001886, 1.006681
5.954391, -0.068766, -0.000998, 1.007830
6.012843, -0.068840, -0.000314, 1.005022
6.059906, -0.068829, 0.000832, 1.004337
6.097781, -0.068813, 0.001877, 0.997198
6.158470, -0.068730, 0.001577, 0.992739
6.212059, -0.068693, -0.000141, 0.986030
6.254703, -0.068741, -0.001500, 0.997791
6.294779, -0.068851, -0.002751, 1.013597
6.338965, -0.069003, -0.002799, 1.017891
6.413654, -0.069171, -0.000552, 1.022606
6.460101, -0.069183, 0.000083, 1.017947
6.502693, -0.069144, 0.001020, 1.008701
6.559594, -0.069032, 0.002587, 0.992735
6.619961, -0.068900, 0.002368, 1.002646
6.662098, -0.068804, 0.002302, 0.987948
6.717162, -0.068670, 0.001307, 1.011737
6.762398, -0.068569, 0.002883, 0.997237
6.820836, -0.068359, 0.004552, 0.998887
6.866030, -0.068179, 0.004709, 1.003471
6.908225, -0.067928, 0.004775, 1.013908
6.965469, -0.067630, 0.004638, 1.007939
7.008784, -0.067413, 0.005632, 1.010584
7.026986, -0.067316, 0.006038, 1.013081
7.121265, -0.066840, 0.004546, 1.007323
7.146255, -0.066766, 0.003267, 0.992732
7.219420, -0.066632, 0.001841, 1.007081
7.260653, -0.066570, 0.002078, 1.005558
7.305622, -0.066438, 0.003177, 1.004715
7.368692, -0.066167, 0.004679, 1.005527
7.418972, -0.065968, 0.005304, 0.999580
7.459097, -0.065764, 0.004926, 1.002393
7.495185, -0.065566, 0.004551, 1.005752
7.560773, -0.065229, 0.005876, 1.013431
7.620258, -0.064890, 0.006957, 1.004689
7.661397, -0.064619, 0.005982, 1.011024
7.713539, -0.064351, 0.004369, 1.010247
7.767741, -0.064116, 0.004423, 1.005507
7.821871, -0.063942, 0.002812, 1.002767
7.855837, -0.063869, 0.002394, 1.007887
7.923948, -0.063780, 0.001511, 1.020971
7.966418, -0.063742, 0.000438, 1.006188
8.007675, -0.063652, 0.001394, 1.009600
8.066899, -0.063591, 0.002346, 1.008024
8.105016, -0.063544, 0.002303, 1.006551
8.167138, -0.063444, 0.000443, 1.009725
8.205178, -0.063448, 0.000104, 1.005726
8.205178, -0.063448, 0.000104, 1.005726
8.318414, -0.063541, -0.000257, 1.004106
8.366616, -0.063571, 0.000546, 0.993969
8.423370, -0.063539, 0.000810, 1.002260
8.427351, -0.063536, 0.000828, 1.002324
8.512519, -0.063758, -0.003575, 1.006642
8.565891, -0.064053, -0.004425, 1.011670
8.619983, -0.064335, -0.004715, 1.004803
8.675996, -0.064677, -0.006603, 0.998003
8.711316, -0.064967, -0.004750, 1.012649
8.778613, -0.065374, -0.005497, 1.002443
8.818564, -0.065655, -0.006794, 1.002169
8.875874, -0.066122, -0.006909, 0.996016
8.924913, -0.066532, -0.007428, 1.008588
8.971120, -0.066955, -0.008323, 1.014393
9.017123, -0.067342, -0.008451, 1.020011
9.073095, -0.067863, -0.008975, 1.035155
9.120629, -0.068283, -0.009108, 1.072697
9.181625, -0.068823, -0.007895, 1.060733
9.224253, -0.069168, -0.007202, 1.054496
9.277651, -0.069522, -0.005920, 1.069061
9.335508, -0.069823, -0.004363, 1.062842
9.395742, -0.070047, -0.004254, 1.068252
9.453043, -0.070183, -0.003719, 1.053226
9.470031, -0.070237, -0.002587, 0.938595
9.532025, -0.070166, 0.005739, 0.711470
9.547176, -0.070052, 0.009411, 0.656912
9.591779, -0.069363, 0.022243, 0.607827
9.627231, -0.068326, 0.033483, 0.563271
9.648914, -0.067454, 0.041933, 0.549921
9.686005, -0.065199, 0.056610, 0.562843
9.711331, -0.063142, 0.067123, 0.574606
9.740413, -0.060370, 0.079684, 0.570858
9.761472, -0.058079, 0.089175, 0.562845
9.790696, -0.054275, 0.101552, 0.560571
9.820599, -0.049981, 0.114803, 0.552043
9.849218, -0.045021, 0.127122, 0.551707
9.870261, -0.040873, 0.135108, 0.564171
9.905155, -0.033871, 0.148889, 0.566959
9.934586, -0.027715, 0.160947, 0.539279
9.959510, -0.021590, 0.170240, 0.562418
9.986371, -0.014869, 0.179454, 0.574243
10.006901, -0.009783, 0.187936, 0.565452
10.026747, -0.004292, 0.194794, 0.544385
10.061958, 0.005940, 0.206690, 0.556892
10.083334, 0.012372, 0.213810, 0.561144
10.122261, 0.024786, 0.225797, 0.571784
10.147761, 0.033345, 0.232188, 0.573656
10.158626, 0.037135, 0.234220, 0.590930
10.195671, 0.049466, 0.243695, 0.592202
10.222524, 0.056390, 0.257286, 0.542186
10.250244, 0.064263, 0.270202, 0.529026
10.274755, 0.071229, 0.282478, 0.552163
10.294716, 0.077459, 0.295778, 0.705447
10.361138, 0.099397, 0.327640, 1.020019
10.400276, 0.113050, 0.342427, 1.026101
10.456078, 0.133578, 0.360271, 0.995087
10.492240, 0.147558, 0.371554, 0.998791
10.543068, 0.167858, 0.386505, 0.995665
10.596506, 0.190018, 0.399272, 0.996467
10.637857, 0.207606, 0.406801, 0.999722
10.673569, 0.223061, 0.411724, 0.999572
10.746440, 0.255025, 0.415450, 0.998116
10.750094, 0.256635, 0.415409, 0.998248
10.806751, 0.281547, 0.414510, 0.995719
10.867277, 0.308018, 0.411334, 1.000514
10.907806, 0.325518, 0.407190, 1.000256
10.959273, 0.347554, 0.401987, 0.999548
10.997024, 0.363507, 0.397730, 0.999669
11.049613, 0.385487, 0.393742, 0.999902
11.101520, 0.406551, 0.392249, 0.797943
11.128037, 0.416434, 0.397434, 0.559753
11.145604, 0.423867, 0.403341, 0.532367
11.173739, 0.436321, 0.417484, 0.484844
11.192136, 0.444658, 0.428799, 0.492639
11.216570, 0.456724, 0.444530, 0.410246
11.233416, 0.469906, 0.444918, 0.360429
11.246569, 0.482041, 0.442562, 0.345017
11.255510, 0.490418, 0.442040, 0.315457
11.265280, 0.499801, 0.441905, 0.333069
11.279199, 0.510605, 0.448883, 0.264612
11.289605, 0.516162, 0.461611, 0.251191
11.298028, 0.520420, 0.472359, 0.256042
11.314132, 0.528857, 0.491760, 0.242085
11.324129, 0.534301, 0.503833, 0.244461
11.331536, 0.538440, 0.512608, 0.242335
11.345197, 0.546397, 0.529393, 0.239426
11.354296, 0.551801, 0.540944, 0.241330
11.363929, 0.557729, 0.553640, 0.238984
11.371843, 0.562562, 0.565198, 0.239859
11.387188, 0.572583, 0.585533, 0.240681
11.397569, 0.579580, 0.600137, 0.240746
11.398750, 0.580385, 0.601928, 0.236640
11.415220, 0.592022, 0.625627, 0.240737
11.424709, 0.599005, 0.639653, 0.240321
11.427957, 0.601443, 0.644516, 0.239501
11.442606, 0.612718, 0.666848, 0.239934
11.452281, 0.620595, 0.680550, 0.239839
11.463739, 0.630096, 0.697648, 0.239926
11.470138, 0.635522, 0.707766, 0.240019
11.478467, 0.642759, 0.721299, 0.239830
11.484011, 0.647699, 0.730284, 0.238930
11.484011, 0.647699, 0.730284, 0.238930
11.488096, 0.651407, 0.736679, 0.239159
11.517335, 0.679262, 0.784356, 0.239574
11.522389, 0.684374, 0.792969, 0.240017
11.529466, 0.691594, 0.804891, 0.241302
11.534457, 0.696829, 0.813267, 0.241093
11.548824, 0.712406, 0.838177, 0.240440
11.554218, 0.718508, 0.847913, 0.237839
11.563200, 0.728808, 0.864434, 0.242893
11.568932, 0.735648, 0.874269, 0.242022
11.579760, 0.748869, 0.894229, 0.240935
11.587359, 0.758516, 0.908493, 0.240063
11.591763, 0.764213, 0.917020, 0.240195
11.596414, 0.770339, 0.925925, 0.240488
11.604868, 0.781730, 0.942892, 0.241465
11.614602, 0.795461, 0.961857, 0.240932
11.622227, 0.806627, 0.977623, 0.239670
11.628570, 0.816208, 0.990761, 0.240575
11.635227, 0.826618, 1.004141, 0.241166
11.642181, 0.837689, 1.018208, 0.241740
11.647358, 0.846347, 1.029366, 0.240708
11.653768, 0.857273, 1.042634, 0.240154
11.661130, 0.870100, 1.058444, 0.248226
11.667577, 0.881822, 1.071857, 0.242331
11.672221, 0.890459, 1.081488, 0.242990
11.677978, 0.901486, 1.093962, 0.241996
11.683592, 0.912528, 1.106429, 0.245358
11.687299, 0.920162, 1.114812, 0.242203
11.693185, 0.932405, 1.128810, 0.242310
11.697996, 0.942731, 1.140584, 0.243770
11.704167, 0.956456, 1.156272, 0.238388
11.709565, 0.968947, 1.169581, 0.242629
11.713403, 0.978125, 1.179833, 0.242627
11.718146, 0.989970, 1.192304, 0.248306
11.723472, 1.003539, 1.206426, 0.304371
11.730096, 1.021498, 1.224916, 0.356002
11.732272, 1.027069, 1.231656, 0.339254
11.736256, 1.037833, 1.242309, 0.443659
11.751475, 1.084534, 1.289493, 0.498150
11.757700, 1.107529, 1.309388, 0.494148
11.764282, 1.133684, 1.329930, 0.490714
11.769558, 1.156277, 1.346452, 0.505429
11.774423, 1.178760, 1.362492, 0.492263
11.779367, 1.203025, 1.378629, 0.514481
11.784322, 1.229389, 1.398363, 0.516579
11.788870, 1.255674, 1.418985, 0.525347
11.792126, 1.276933, 1.435088, 0.525480
11.793635, 1.287827, 1.443409, 0.519881
11.799616, 1.337947, 1.480635, 0.525369
11.801497, 1.359612, 1.494134, 0.512156
11.803502, 1.389706, 1.511104, 0.512058
11.804817, 1.415189, 1.525768, 0.514590
11.805634, 1.435186, 1.537066, 0.508962
11.806308, 1.459557, 1.549933, 0.501887
11.806724, 1.484351, 1.563871, 0.524704
11.806733, 1.504132, 1.574313, 0.515877
11.806130, 1.539930, 1.591853, 0.528813
11.804680, 1.567566, 1.609634, 0.732497
11.802032, 1.618003, 1.635994, 0.935337
11.799366, 1.658373, 1.651148, 0.981200
11.794981, 1.719426, 1.676903, 0.972650
11.792395, 1.749324, 1.688872, 0.973221
11.788906, 1.782361, 1.698785, 0.982123
11.781105, 1.855371, 1.721771, 0.982821
11.775011, 1.905267, 1.735467, 0.990124
11.769328, 1.946409, 1.746162, 0.992456
11.759902, 2.007040, 1.762045, 0.987701
11.753488, 2.048096, 1.771151, 0.990825
11.746817, 2.093080, 1.781726, 0.994835
11.737953, 2.144194, 1.790015, 1.004045
11.729611, 2.189318, 1.796388, 0.993031
11.717766, 2.241940, 1.794886, 0.998149
11.707167, 2.288514, 1.791909, 1.009717
11.696310, 2.337750, 1.786585, 1.002340
11.687206, 2.379913, 1.780647, 1.001331
11.673751, 2.444550, 1.771725, 0.999683
11.668608, 2.470043, 1.768195, 1.001136
11.654990, 2.539781, 1.759037, 1.000420
11.649064, 2.571257, 1.754907, 1.000524
11.635524, 2.647016, 1.742276, 0.999899
11.627248, 2.696283, 1.733817, 1.001003
11.621077, 2.734796, 1.726562, 1.000193
11.611956, 2.795088, 1.716124, 0.999404
11.606840, 2.830702, 1.710751, 0.999093
11.599111, 2.887146, 1.703429, 0.997728
11.591655, 2.944632, 1.696178, 0.999434
11.586992, 2.982331, 1.691751, 0.999699
11.584485, 3.003174, 1.689336, 0.999614
11.575306, 3.083595, 1.679237, 0.999329
11.570571, 3.128330, 1.673624, 0.994685
11.566779, 3.166146, 1.668091, 1.001482
11.560298, 3.235915, 1.658572, 1.001313
11.556426, 3.281774, 1.651795, 1.000187
11.552093, 3.337645, 1.644830, 1.000938
11.548345, 3.390567, 1.638233, 1.001078
11.546399, 3.420476, 1.634023, 0.999018
11.544271, 3.455377, 1.629454, 0.999133
11.543069, 3.476324, 1.626861, 0.999086
11.538502, 3.566193, 1.616655, 1.000799
11.537433, 3.590188, 1.613963, 1.000837
11.534111, 3.678206, 1.602903, 1.001018
11.532857, 3.721229, 1.597082, 1.000961
11.531499, 3.782239, 1.589498, 1.000657
11.530714, 3.832251, 1.583775, 0.999170
11.530266, 3.875280, 1.578456, 1.000990
11.530044, 3.940348, 1.569509, 1.001387
11.530095, 3.961369, 1.567045, 1.000849
11.530591, 4.026428, 1.559302, 1.001006
11.531366, 4.082514, 1.553733, 1.011807
11.531366, 4.082514, 1.553733, 1.011807
11.533824, 4.187060, 1.542970, 1.007313
11.535094, 4.229762, 1.539096, 1.006354
11.537098, 4.286353, 1.534992, 0.999432
11.538844, 4.331487, 1.532563, 1.011767
11.541267, 4.389657, 1.529122, 1.004348
11.543139, 4.431666, 1.527306, 1.007791
11.545026, 4.472659, 1.525520, 0.994588
11.548518, 4.544625, 1.522319, 1.016137
11.550746, 4.590174, 1.521306, 1.017510
11.552728, 4.629662, 1.520833, 1.011482
11.555740, 4.687648, 1.519367, 1.023442
11.558933, 4.748689, 1.518863, 1.020841
11.560533, 4.786310, 1.518023, 0.718621
11.561886, 4.817636, 1.514228, 0.540264
11.563314, 4.843594, 1.506248, 0.417883
11.564885, 4.863563, 1.499225, 0.350090
11.565808, 4.875192, 1.494785, 0.330390
11.568017, 4.893664, 1.488710, 0.291617
11.569413, 4.907313, 1.482809, 0.290676
11.570784, 4.920711, 1.475956, 0.333939
11.574281, 4.942912, 1.466934, 0.489587
11.578637, 4.970221, 1.457801, 0.501523
11.582013, 4.988437, 1.451455, 0.495200
11.585151, 5.006458, 1.444958, 0.501770
11.590486, 5.033727, 1.436108, 0.502477
11.595491, 5.063365, 1.426790, 0.492251
11.598954, 5.085360, 1.418776, 0.496742
11.604017, 5.115613, 1.408993, 0.495918
11.608173, 5.139503, 1.400377, 0.491234
11.613652, 5.165888, 1.387982, 0.669882
11.621516, 5.205265, 1.369378, 0.870288
11.628752, 5.247795, 1.353794, 0.979298
11.628752, 5.247795, 1.353794, 0.979298
11.643468, 5.315314, 1.333926, 0.991940
11.660876, 5.384498, 1.321641, 0.921416
11.677703, 5.451520, 1.320461, 0.659462
11.688440, 5.490218, 1.326125, 0.567103
11.697448, 5.523844, 1.333340, 0.558766
11.703071, 5.547753, 1.338032, 0.512888
11.708661, 5.571806, 1.343285, 0.500789
11.713776, 5.594245, 1.349549, 0.499981
11.719471, 5.620084, 1.357651, 0.498295
11.725036, 5.646403, 1.365981, 0.498218
11.728728, 5.664490, 1.371672, 0.499724
11.732864, 5.685497, 1.378681, 0.496132
11.739225, 5.719288, 1.389889, 0.497704
11.742748, 5.738916, 1.396242, 0.499529
11.746338, 5.760045, 1.403405, 0.498577
11.750953, 5.788479, 1.413849, 0.496995
11.756013, 5.821931, 1.426327, 0.498160
11.758191, 5.837215, 1.431718, 0.497480
11.761670, 5.862860, 1.439435, 0.498714
11.762657, 5.870691, 1.442201, 0.497478
11.768071, 5.915609, 1.458699, 0.494836
11.770140, 5.934402, 1.465572, 0.497421
11.773181, 5.965039, 1.476156, 0.498349
11.773415, 5.967519, 1.477075, 0.498219
11.776468, 6.003050, 1.496546, 0.477183
11.778678, 6.036492, 1.516097, 0.468893
11.779893, 6.058193, 1.530646, 0.472700
11.780165, 6.064399, 1.534359, 0.480582
11.781313, 6.110266, 1.560390, 0.476884
11.781426, 6.125479, 1.568788, 0.474515
11.781107, 6.162342, 1.591684, 0.602319
11.779915, 6.196249, 1.611457, 0.767834
11.778365, 6.234666, 1.629497, 0.922356
11.775059, 6.292259, 1.653250, 0.975621
11.771822, 6.336979, 1.672026, 0.968251
11.769859, 6.362155, 1.683379, 0.967076
11.762215, 6.432569, 1.704389, 0.972809
11.756935, 6.481243, 1.720517, 0.981659
11.751609, 6.524124, 1.733244, 0.981203
11.743298, 6.573318, 1.742167, 1.021756
11.732058, 6.636699, 1.749731, 1.009062
11.724198, 6.680074, 1.751543, 1.002943
11.717326, 6.717389, 1.751663, 1.005410
11.707563, 6.770360, 1.751370, 0.999576
11.700250, 6.810625, 1.750309, 0.989171
11.688062, 6.878008, 1.747088, 0.966503
11.686480, 6.887178, 1.746036, 0.922727
11.686480, 6.887178, 1.746036, 0.922727
11.652882, 7.073290, 1.757005, 1.000371
11.645418, 7.112604, 1.761120, 0.999778
11.638160, 7.149882, 1.765032, 0.998851
11.626482, 7.208130, 1.771773, 1.022217
11.614465, 7.266208, 1.777947, 1.000539
11.605144, 7.310209, 1.781204, 0.999252
11.594415, 7.360123, 1.784850, 1.000945
11.581357, 7.419708, 1.788965, 0.999323
11.570697, 7.467515, 1.791880, 1.000086
11.560822, 7.511400, 1.794654, 1.000285
11.548622, 7.564896, 1.795921, 1.019212
11.544962, 7.580845, 1.796617, 1.018223
11.527296, 7.657931, 1.795596, 1.000291
11.516431, 7.705715, 1.793438, 1.000478
11.505014, 7.755308, 1.793679, 0.983565
11.496623, 7.796684, 1.796759, 0.653979
11.493393, 7.818747, 1.805693, 0.397274
11.491175, 7.835490, 1.819040, 0.253983
11.487831, 7.847330, 1.826268, 0.248026
11.485269, 7.854267, 1.829493, 0.245697
11.478492, 7.870964, 1.836778, 0.244508
11.473366, 7.881714, 1.841063, 0.243955
11.467147, 7.893005, 1.844392, 0.243695
11.461419, 7.903619, 1.848393, 0.238322
11.458093, 7.909248, 1.850110, 0.239774
11.452242, 7.919117, 1.854339, 0.246400
11.444627, 7.930605, 1.858026, 0.241460
11.435930, 7.942905, 1.861222, 0.239893
11.429207, 7.951975, 1.863285, 0.243334
11.420232, 7.963830, 1.866223, 0.244340
11.418117, 7.966532, 1.866865, 0.249228
11.406789, 7.980512, 1.870134, 0.244639
11.398864, 7.990064, 1.872453, 0.246119
11.391287, 7.998991, 1.874448, 0.251948
11.383577, 8.007897, 1.876373, 0.241603
11.374017, 8.018589, 1.878212, 0.246290
11.366382, 8.027150, 1.879959, 0.238607
11.356520, 8.037933, 1.881578, 0.253884
11.351049, 8.043996, 1.882606, 0.243068
11.342135, 8.053822, 1.884353, 0.243962
11.334059, 8.062483, 1.885734, 0.249959
11.324041, 8.073014, 1.887160, 0.248728
11.314162, 8.083356, 1.888542, 0.247606
11.306810, 8.090890, 1.888623, 0.243999
11.298819, 8.099924, 1.891005, 0.249428
11.294027, 8.104721, 1.891037, 0.244793
11.280184, 8.118848, 1.891968, 0.252630
11.271022, 8.128384, 1.892725, 0.253230
11.264141, 8.135594, 1.893066, 0.241661
11.256772, 8.143351, 1.893612, 0.255668
11.246511, 8.154023, 1.894074, 0.243397
11.238715, 8.162311, 1.894747, 0.250788
11.238715, 8.162311, 1.894747, 0.250788
11.221224, 8.182331, 1.898565, 0.276101
11.214249, 8.191289, 1.902203, 0.275925
11.207889, 8.202257, 1.911432, 0.255692
11.202988, 8.215441, 1.929167, 0.257572
11.198105, 8.227749, 1.945218, 0.235663
11.194793, 8.235960, 1.957106, 0.234094
11.189710, 8.247961, 1.974924, 0.231585
11.188217, 8.251354, 1.980110, 0.230710
11.180149, 8.269155, 2.009147, 0.230482
11.174685, 8.280534, 2.028038, 0.230715
11.169293, 8.291228, 2.045989, 0.229253
11.164807, 8.299794, 2.060488, 0.231002
11.159188, 8.310109, 2.078113, 0.231058
11.154771, 8.317930, 2.091588, 0.230515
11.149287, 8.327299, 2.107916, 0.230900
11.140854, 8.341072, 2.132158, 0.230883
11.140854, 8.341072, 2.132158, 0.230883
11.128622, 8.359807, 2.165789, 0.230733
11.123915, 8.366668, 2.178308, 0.231829
11.114902, 8.379305, 2.201651, 0.230787
11.108557, 8.387845, 2.217672, 0.231260
11.101079, 8.397558, 2.236103, 0.231480
11.094133, 8.406253, 2.252868, 0.232290
11.085694, 8.416434, 2.272773, 0.232189
11.079054, 8.424161, 2.288098, 0.231508
11.072142, 8.431957, 2.303791, 0.231461
11.064004, 8.440831, 2.321919, 0.231418
11.057954, 8.447222, 2.335182, 0.231593
11.048875, 8.456505, 2.354750, 0.231654
11.040119, 8.465124, 2.373248, 0.231943
11.032388, 8.472474, 2.389329, 0.232007
11.021606, 8.482343, 2.411352, 0.232120
11.013595, 8.489398, 2.427444, 0.232095
11.007068, 8.494981, 2.440389, 0.232243
10.998489, 8.502100, 2.457190, 0.232323
10.988874, 8.509797, 2.475756, 0.232390
10.978554, 8.517740, 2.495386, 0.232652
10.969767, 8.524254, 2.511876, 0.232868
10.961819, 8.529955, 2.526620, 0.233031
10.948185, 8.539331, 2.551579, 0.233248
10.939223, 8.545227, 2.567742, 0.233279
10.930167, 8.550977, 2.583925, 0.233346
10.918616, 8.558018, 2.604316, 0.233934
10.911364, 8.562275, 2.616740, 0.233692
10.902018, 8.567593, 2.632383, 0.233933
10.890283, 8.573996, 2.651470, 0.235699
10.879665, 8.579544, 2.668353, 0.235999
10.867844, 8.585461, 2.686627, 0.236689
10.856077, 8.591091, 2.703859, 0.237693
10.846995, 8.595272, 2.716413, 0.238417
10.837835, 8.599353, 2.728482, 0.239054
10.833229, 8.601356, 2.734368, 0.239291
10.833229, 8.601356, 2.734368, 0.239291
10.829489, 8.602958, 2.739077, 0.239445
10.790274, 8.618564, 2.786213, 0.239984
10.780806, 8.622018, 2.797267, 0.239972
10.770380, 8.625638, 2.809144, 0.240698
10.755868, 8.630444, 2.825866, 0.237014
10.744217, 8.634072, 2.838180, 0.234846
10.734424, 8.637106, 2.849210, 0.245116
10.724655, 8.639932, 2.859677, 0.238681
10.713761, 8.642982, 2.871408, 0.242556
10.700758, 8.646418, 2.885493, 0.234533
10.690413, 8.649057, 2.896271, 0.240690
10.675173, 8.652731, 2.911194, 0.244025
10.664761, 8.655076, 2.921037, 0.244249
10.652658, 8.657698, 2.932523, 0.244082
10.638557, 8.660587, 2.945300, 0.244549
10.628384, 8.662671, 2.954788, 0.256553
10.618528, 8.664688, 2.965658, 0.263088
10.604918, 8.667214, 2.978655, 0.274835
10.587853, 8.670075, 2.995543, 0.333181
10.570774, 8.672697, 3.011043, 0.477090
10.546038, 8.675625, 3.031025, 0.486803
10.523371, 8.677980, 3.048375, 0.495481
10.500642, 8.679859, 3.063496, 0.476275
10.475407, 8.681648, 3.080899, 0.472849
10.475407, 8.681648, 3.080899, 0.472849
10.433271, 8.683772, 3.107254, 0.479205
10.405668, 8.684547, 3.125385, 0.481976
10.394500, 8.684650, 3.131934, 0.488826
10.353250, 8.684498, -3.127214, 0.465716
10.324872, 8.683633, -3.112090, 0.731783
10.284725, 8.681673, -3.094818, 0.940925
10.230448, 8.678270, -3.074157, 1.019169
10.193989, 8.675131, -3.062844, 1.064804
10.135871, 8.669097, -3.047235, 1.062373
10.073161, 8.661700, -3.033250, 1.076294
10.033256, 8.656992, -3.026838, 1.032271
9.977861, 8.650376, -3.021522, 1.008426
9.923810, 8.643799, -3.018602, 0.994999
9.874057, 8.637595, -3.019092, 0.994503
9.817910, 8.630766, -3.023830, 0.998137
9.772692, 8.625490, -3.028535, 0.991816
9.717677, 8.619475, -3.035877, 1.001928
9.682761, 8.615849, -3.040444, 1.002329
9.682761, 8.615849, -3.040444, 1.002329
9.659849, 8.613567, -3.044038, 1.004957
9.520959, 8.601284, -3.064633, 1.007304
9.487196, 8.598700, -3.069567, 0.991937
9.452688, 8.596229, -3.074930, 0.982995
9.414262, 8.593687, -3.080789, 0.996413
9.393541, 8.592436, -3.083620, 0.982369
9.240144, 8.585233, -3.107828, 0.987861
9.171648, 8.583071, -3.115623, 1.000410
9.118026, 8.581791, -3.121448, 0.995175
9.093197, 8.581354, -3.123672, 0.994463
9.020357, 8.580229, -3.129857, 0.999080
8.988600, 8.579929, -3.132136, 1.005003
8.932574, 8.579506, -3.136564, 1.002982
8.869613, 8.579260, -3.141120, 0.989476
8.819565, 8.579250, 3.141562, 0.999920
8.781577, 8.579318, 3.140857, 1.003373
8.747546, 8.579370, 3.140139, 0.990468
8.720735, 8.579427, 3.139508, 0.994883
8.701914, 8.579483, 3.138928, 0.985403
8.570220, 8.580168, 3.134916, 0.997775
8.527583, 8.580574, 3.134358, 0.988878
8.473240, 8.580970, 3.135792, 0.992860
8.430483, 8.581227, 3.135940, 1.000107
8.376883, 8.581559, 3.135976, 0.996023
8.343891, 8.581766, 3.135921, 0.991462
8.271485, 8.582314, 3.135103, 0.997072
8.235884, 8.582545, 3.133705, 0.998748
8.178580, 8.583010, 3.135314, 0.999171
8.143392, 8.583220, 3.136669, 1.012153
8.098195, 8.583440, 3.138951, 0.994615
8.031280, 8.583676, 3.138369, 1.002895
7.982144, 8.583844, 3.136966, 1.014308
7.935105, 8.584115, 3.137471, 1.004953
7.878328, 8.584376, 3.137545, 1.013344
7.820972, 8.584629, 3.137788, 1.005387
7.801943, 8.584714, 3.137805, 0.992642
7.724852, 8.585050, 3.138382, 1.005318
7.699805, 8.585162, 3.138144, 1.002535
7.623474, 8.585463, 3.139322, 1.013265
7.577951, 8.585587, 3.141003, 1.007749
7.541108, 8.585622, 3.141207, 0.989392
7.473460, 8.585640, -3.141474, 0.989905
7.418765, 8.585697, -3.141248, 0.997690
7.389992, 8.585664, 3.141057, 0.990045
7.317458, 8.585710, 3.140599, 0.998251
7.278710, 8.585803, 3.140338, 0.998651
7.221648, 8.586012, 3.137789, 1.018149
7.172414, 8.586237, 3.137166, 1.007736
7.127468, 8.586422, 3.136600, 1.009666
7.075557, 8.586759, 3.135895, 0.993962
7.035261, 8.586948, 3.137882, 1.018738
6.982135, 8.587156, 3.137896, 0.992415
6.917861, 8.587465, 3.138934, 1.015374
6.917861, 8.587465, 3.138934, 1.015374
6.838409, 8.587615, 3.140855, 0.999044
6.769746, 8.587667, 3.141269, 0.991207
6.723433, 8.587677, -3.139965, 1.007402
6.684184, 8.587586, -3.139058, 1.012228
6.617850, 8.587422, -3.137684, 1.008600
6.576684, 8.587290, -3.138327, 1.004160
6.542211, 8.587187, -3.137626, 1.015867
6.486941, 8.587011, -3.137303, 1.011724
6.435855, 8.586756, -3.137472, 0.993530
6.366916, 8.586514, -3.136908, 1.011591
6.329709, 8.586369, -3.136922, 1.004050
6.274776, 8.586160, -3.137729, 1.000095
6.239068, 8.586049, -3.139517, 0.998847
6.172718, 8.585963, 3.140774, 0.995262
6.120617, 8.586073, 3.138884, 1.000680
6.074672, 8.586242, 3.137489, 0.990074
6.022715, 8.586539, 3.135872, 0.989801
5.998591, 8.586743, 3.135963, 1.007060
5.921440, 8.587329, 3.133872, 1.002437
5.887476, 8.587647, 3.132999, 1.006534
5.825745, 8.588292, 3.132611, 0.999894
5.779822, 8.588694, 3.131821, 1.011358
5.746329, 8.589094, 3.134406, 1.004535
5.667666, 8.589662, 3.134952, 0.995461
5.631545, 8.589945, 3.136056, 0.997237
5.578673, 8.590217, 3.135593, 1.003658
5.541853, 8.590444, 3.136513, 0.989731
5.476252, 8.590810, 3.137368, 0.988999
5.422486, 8.591083, 3.137597, 0.990474
5.382760, 8.591269, 3.137599, 0.989558
5.317972, 8.591527, 3.139091, 1.002389
5.270159, 8.591632, 3.140945, 1.003603
5.222352, 8.591634, 3.141117, 1.001877
5.185185, 8.591688, -3.140191, 1.009737
5.132027, 8.591618, -3.140273, 1.006330
5.079811, 8.591590, -3.139396, 1.015685
5.022440, 8.591538, -3.140583, 0.991114
4.981400, 8.591506, 3.141275, 1.003778
4.926807, 8.591495, -3.141020, 1.006571
4.877632, 8.591501, 3.141314, 1.011364
4.835962, 8.591482, -3.140007, 1.021517
4.776547, 8.591351, -3.138425, 1.006687
4.722432, 8.591191, -3.138051, 0.994966
4.681583, 8.591043, -3.138699, 1.001448
4.624339, 8.590768, -3.136206, 1.002180
4.578032, 8.590527, -3.135663, 0.996728
4.522615, 8.590123, -3.133728, 1.011482
4.484635, 8.589820, -3.133593, 1.000376
4.418860, 8.589278, -3.134599, 1.002016
4.377086, 8.588985, -3.134850, 0.994101
4.317451, 8.588553, -3.136436, 1.002320
4.316464, 8.588548, -3.136431, 0.990404
4.276594, 8.588300, -3.136607, 0.990763
4.171065, 8.587788, -3.137630, 0.993097
4.123283, 8.587583, -3.137930, 0.991261
4.083475, 8.587433, -3.138173, 0.991951
4.011818, 8.587186, -3.138598, 0.991829
3.995899, 8.587140, -3.138678, 0.991480
3.926334, 8.586988, -3.140101, 0.987242
3.873754, 8.586966, 3.141167, 0.994380
3.831133, 8.587032, 3.139643, 0.985874
3.770926, 8.587166, 3.139789, 0.995197
3.733067, 8.587230, 3.139903, 0.991851
3.689408, 8.587329, 3.139366, 0.987748
3.641791, 8.587470, 3.138607, 0.988054
3.595123, 8.587637, 3.138351, 0.995417
3.523637, 8.587923, 3.137954, 0.994571
3.476027, 8.588061, 3.136346, 0.993740
3.433581, 8.588250, 3.138518, 1.016895
3.380937, 8.588421, 3.139450, 1.017149
3.322183, 8.588470, -3.141447, 1.010168
3.300044, 8.588519, -3.141091, 1.011878
3.264936, 8.588517, -3.141204, 1.004544
3.207449, 8.588508, -3.140169, 1.014087
3.144047, 8.588442, -3.139147, 1.005408
3.074917, 8.588428, 3.140780, 1.007333
3.030580, 8.588496, 3.140858, 1.008484
2.973411, 8.588562, 3.139874, 1.004748
2.923283, 8.588650, 3.139942, 0.995587
2.881768, 8.588708, -3.141398, 1.017029
2.818327, 8.588743, 3.141566, 1.012840
2.768132, 8.588723, -3.141225, 0.990874
2.737266, 8.588705, -3.140847, 1.002786
2.677553, 8.588617, -3.140029, 1.000183
2.623652, 8.588586, -3.139372, 1.008923
2.587764, 8.588587, -3.141422, 1.004486
2.520763, 8.588718, 3.138010, 0.986386
2.477236, 8.588866, 3.137331, 0.986896
2.427486, 8.589103, 3.137849, 0.993354
2.360894, 8.589323, 3.138383, 0.994294
2.327172, 8.589464, 3.137856, 0.999199
2.279588, 8.589686, 3.136793, 0.998378
2.231310, 8.589972, 3.136518, 1.010110
2.181275, 8.590154, 3.138505, 1.000113
2.135402, 8.590272, 3.140423, 1.004367
2.071546, 8.590396, 3.140876, 0.995991
2.030807, 8.590421, 3.140465, 0.990664
1.927390, 8.590543, -3.141032, 1.016649
1.875915, 8.590512, -3.138943, 0.997454
1.835897, 8.590332, -3.136616, 0.995556
1.772650, 8.589908, -3.135640, 1.009487
1.723455, 8.589586, -3.133822, 0.999908
1.670456, 8.589150, -3.132733, 0.999944
1.618478, 8.588695, -3.133716, 1.000465
1.569483, 8.588293, -3.133131, 1.005589
1.528481, 8.587902, -3.132250, 1.000103
1.477486, 8.587497, -3.134281, 0.999890
1.430480, 8.587153, -3.135186, 0.999971
1.368475, 8.586788, -3.136084, 0.999866
1.332477, 8.586610, -3.137165, 0.999962
1.273480, 8.586410, -3.139194, 0.999920
1.233483, 8.586344, -3.140772, 0.999968
1.169473, 8.586326, -3.141196, 0.998064
1.118476, 8.586304, 3.140349, 1.000251
1.088478, 8.586361, 3.140546, 0.999237
1.022488, 8.586480, 3.139188, 0.999991
0.983488, 8.586579, 3.138906, 1.003584
0.934492, 8.586713, 3.138945, 0.995471
0.879490, 8.586855, 3.139170, 0.999991
0.838493, 8.586940, 3.139932, 0.999970
0.784490, 8.587046, 3.139603, 0.999979
0.727492, 8.587208, 3.137812, 0.999958
0.668482, 8.587461, 3.136811, 1.001808
0.630474, 8.587623, 3.137676, 0.999985
0.569476, 8.587770, 3.140334, 0.999927
0.540468, 8.587813, 3.140871, 0.999999
0.477503, 8.587911, 3.138067, 1.000832
0.418852, 8.588126, 3.138394, 1.011824
0.390603, 8.588224, 3.137424, 1.012247
0.326021, 8.588523, 3.136122, 1.010830
0.287728, 8.588727, 3.136169, 1.013866
0.217348, 8.589100, 3.135870, 1.000414
0.175653, 8.589399, 3.136794, 0.999627
0.122937, 8.589672, 3.136954, 0.989886
0.071182, 8.589930, 3.136740, 0.990385
0.018481, 8.590187, 3.137275, 0.997338
-0.024296, 8.590369, 3.137692, 0.989765
-0.083928, 8.590548, 3.138974, 0.987619
-0.118653, 8.590633, 3.140330, 0.994473
-0.180388, 8.590671, 3.141274, 1.012891
-0.223230, 8.590667, -3.141542, 0.990060
-0.268513, 8.590600, 3.140491, 1.018912
-0.318642, 8.590652, 3.140466, 1.002324
-0.366372, 8.590695, 3.140567, 1.001512
-0.417017, 8.590765, 3.140942, 0.995464
-0.456351, 8.590753, 3.140002, 1.009574
-0.574165, 8.590796, -3.140647, 0.991707
-0.625870, 8.590701, -3.138647, 1.008274
-0.683153, 8.590442, -3.137898, 1.000130
-0.731580, 8.590161, -3.136402, 0.998126
-0.767611, 8.589931, -3.135621, 0.991110
-0.808623, 8.589619, -3.134691, 1.003179
-0.875583, 8.589087, -3.133785, 0.991682
-0.919833, 8.588758, -3.135071, 1.019471
-0.966692, 8.588483, -3.138804, 1.021835
-1.026731, 8.588391, 3.140451, 1.012459
-1.061252, 8.588446, 3.138648, 1.017034
-1.133775, 8.588647, 3.138430, 1.006654
-1.181082, 8.588810, 3.138387, 1.000880
-1.239836, 8.588942, 3.139524, 1.000138
-1.286453, 8.589013, 3.141023, 0.986386
-1.336113, 8.589027, 3.141190, 0.990267
-1.359143, 8.589020, 3.141039, 1.007633
-1.427834, 8.589054, 3.140691, 0.989867
-1.484562, 8.589101, 3.140222, 0.998030
-1.534802, 8.589118, 3.138160, 1.022439
-1.581238, 8.589219, 3.138794, 1.009856
-1.632387, 8.589294, 3.140306, 1.003180
-1.681992, 8.589309, 3.139856, 1.040726
-1.727550, 8.589397, 3.139662, 1.070438
-1.783274, 8.589496, 3.140729, 1.018000
-1.836034, 8.589529, 3.140441, 1.052531
-1.890410, 8.589519, 3.141322, 1.048096
-1.943589, 8.589559, -3.140009, 1.028715
-1.993561, 8.589437, -3.138932, 1.037159
-2.044396, 8.589246, -3.138860, 1.042027
-2.091622, 8.589133, -3.139686, 1.059920
-2.158873, 8.589033, -3.141075, 1.077745
-2.189941, 8.589043, -3.141373, 1.069420
-2.243566, 8.589072, 3.140222, 1.063085
-2.320100, 8.589224, 3.139753, 1.085300
-2.372813, 8.589355, 3.137973, 1.074994
-2.421187, 8.589501, 3.137193, 1.083281
-2.469556, 8.589713, 3.136959, 1.066024
-2.533118, 8.590038, 3.137082, 1.085462
-2.587970, 8.590264, 3.137648, 1.073622
-2.639174, 8.590359, 3.137296, 1.054493
-2.671884, 8.590484, 3.138196, 1.059726
-2.746226, 8.590757, 3.138298, 1.038630
-2.801340, 8.590939, 3.137408, 1.055922
-2.849346, 8.591148, 3.137080, 1.075648
-2.901663, 8.591399, 3.137968, 1.046622
-2.941704, 8.591505, 3.139790, 1.043932
-3.004783, 8.591703, 3.138932, 1.066964
-3.059353, 8.591781, 3.140657, 1.080463
-3.082961, 8.591804, -3.141554, 1.082302
-3.167487, 8.591710, -3.139748, 1.069554
-3.218963, 8.591585, -3.138782, 1.071685
-3.280252, 8.591422, -3.138732, 1.082859
-3.329404, 8.591176, -3.136996, 1.070430
-3.368907, 8.591007, -3.136759, 1.068641
-3.432219, 8.590780, -3.137276, 1.088022
-3.472040, 8.590616, -3.136812, 1.065505
-3.508499, 8.590437, -3.137892, 1.066495
-3.508499, 8.590437, -3.137892, 1.066495
-3.576915, 8.590164, -3.137807, 1.069930
-3.702901, 8.589680, -3.138430, 1.039988
-3.758821, 8.589544, -3.140771, 1.075431
-3.809933, 8.589588, -3.141273, 1.059409
-3.864977, 8.589604, 3.140333, 1.075374
-3.904559, 8.589641, 3.140571, 1.069668
-3.947237, 8.589663, 3.139240, 1.060184
-4.023448, 8.590003, 3.137357, 1.083573
-4.080368, 8.590256, 3.137210, 1.069863
-4.127371, 8.590511, 3.136684, 1.051003
-4.174088, 8.590692, 3.138367, 0.990095
-4.220797, 8.590825, 3.139711, 1.000427
-4.263492, 8.590885, 3.140693, 0.989029
-4.333913, 8.590858, -3.140396, 0.993356
-4.372800, 8.590847, -3.140558, 1.011443
-4.426554, 8.590870, 3.137807, 1.018524
-4.479735, 8.591113, 3.135282, 1.005568
-4.520416, 8.591386, 3.132433, 1.014470
-4.571577, 8.591886, 3.130960, 1.007714
-4.635711, 8.592607, 3.129694, 1.013158
-4.660890, 8.592908, 3.129732, 1.005890
-4.720434, 8.593568, 3.129906, 1.012146
-4.763618, 8.594097, 3.131266, 1.007140
-4.828094, 8.594785, 3.130875, 1.005021
-4.887447, 8.595385, 3.132534, 1.005534
-4.930261, 8.595824, 3.134316, 0.992700
-4.988070, 8.596289, 3.134307, 1.000972
-5.024253, 8.596524, 3.134879, 1.005637
-5.087110, 8.596910, 3.136548, 1.001252
-5.131970, 8.597135, 3.137176, 1.006163
-5.184273, 8.597329, 3.137166, 1.003410
-5.237531, 8.597529, 3.138879, 1.000990
-5.273775, 8.597629, 3.138334, 1.009804
-5.327588, 8.597771, 3.139706, 0.999616
-5.375198, 8.597844, 3.140305, 1.000826
-5.424901, 8.597896, 3.140126, 1.002987
-5.472083, 8.597939, 3.139910, 0.998780
-5.539639, 8.598048, 3.137578, 1.011959
-5.587012, 8.598185, 3.137973, 0.994570
-5.634221, 8.598313, 3.139632, 1.003873
-5.665425, 8.598335, 3.139824, 1.011063
-5.715592, 8.598362, 3.139730, 0.997506
-5.755534, 8.598458, 3.138607, 0.992319
-5.825809, 8.598554, 3.140120, 0.988957
-5.889158, 8.598583, -3.140513, 1.002895
-5.941209, 8.598499, -3.139354, 1.001414
-5.959313, 8.598403, -3.140133, 1.004707
-6.024034, 8.598222, -3.141065, 0.985740
-6.085889, 8.598126, -3.138224, 1.001189
-6.139352, 8.597930, -3.138586, 1.004640
-6.181420, 8.597753, -3.137294, 1.008165
-6.223577, 8.597530, -3.137106, 1.029497
-6.276236, 8.597265, -3.136890, 1.028812
-6.323144, 8.597020, -3.136753, 1.050258
-6.389583, 8.596673, -3.135892, 1.045688
-6.446880, 8.596288, -3.134542, 1.026638
-6.495775, 8.595864, -3.134839, 1.061969
-6.548849, 8.595441, -3.133238, 1.077020
-6.594693, 8.595126, -3.134570, 1.013286
-6.623653, 8.594899, -3.135303, 0.991634
-6.692542, 8.594458, -3.135102, 1.001358
-6.728412, 8.594227, -3.134937, 0.999248
-6.753325, 8.594047, -3.134940, 0.993340
-6.844040, 8.593394, -3.134892, 0.999433
-6.844040, 8.593394, -3.134892, 0.999433
-6.944247, 8.592860, -3.137771, 1.006361
-6.992440, 8.592669, -3.138458, 1.008035
-7.050678, 8.592498, -3.138738, 1.011293
-7.100872, 8.592357, -3.138803, 1.007484
-7.155072, 8.592191, -3.138196, 1.013069
-7.200334, 8.592007, -3.136921, 0.997309
-7.248736, 8.591841, -3.137029, 0.996812
-7.299807, 8.591669, -3.138896, 1.000397
-7.353747, 8.591540, -3.140104, 0.999979
-7.382744, 8.591529, -3.139195, 1.001450
-7.456490, 8.591534, 3.141137, 1.008642
-7.489781, 8.591550, 3.141214, 1.004213
-7.539861, 8.591568, 3.141061, 0.993719
-7.578894, 8.591617, 3.140122, 0.997088
-7.625864, 8.591756, 3.138215, 0.989633
-7.689012, 8.592075, 3.137281, 1.023565
-7.729301, 8.592252, 3.138295, 0.998871
-7.793000, 8.592458, 3.139729, 0.997178
-7.843709, 8.592561, 3.140036, 0.989364
-7.909764, 8.592644, -3.141569, 0.996771
-7.957032, 8.592630, -3.140004, 1.013462
-8.006281, 8.592529, -3.138815, 0.996123
-8.034435, 8.592443, -3.138131, 0.996588
-8.095429, 8.592159, -3.137676, 0.997990
-8.139479, 8.592013, -3.138207, 1.011325
-8.179578, 8.591899, -3.138948, 1.009418
-8.255727, 8.591799, -3.140267, 1.008751
-8.297013, 8.591741, -3.140086, 1.003075
-8.349269, 8.591712, -3.139686, 1.006456
-8.379374, 8.591665, -3.140982, 0.992404
-8.397381, 8.591687, -3.141339, 0.999074
-8.418334, 8.591668, -3.141317, 0.997857
-8.418334, 8.591668, -3.141317, 0.997857
-8.605235, 8.591660, 3.140274, 0.996217
-8.654009, 8.591748, 3.140108, 0.995583
-8.704910, 8.591848, 3.139805, 0.994073
-8.744031, 8.591900, 3.139516, 1.008125
-8.797183, 8.592001, 3.140946, 0.995837
-8.857698, 8.592065, 3.141006, 1.004634
-8.898233, 8.592102, -3.141254, 1.011629
-8.954799, 8.592071, -3.140165, 1.006810
-9.006216, 8.592001, -3.139590, 1.007819
-9.038088, 8.591937, -3.139563, 1.002616
-9.110828, 8.591723, -3.138915, 0.990947
-9.152840, 8.591592, -3.139150, 1.004255
-9.206013, 8.591480, -3.139749, 1.010951
-9.236179, 8.591437, -3.140361, 1.010838
-9.297342, 8.591297, -3.138292, 1.000102
-9.364963, 8.591017, -3.136704, 1.005943
-9.398955, 8.590886, -3.136217, 1.000378
-9.442093, 8.590620, -3.136687, 1.001158
-9.516620, 8.590208, -3.134921, 0.999278
-9.558902, 8.589908, -3.135107, 0.994154
-9.603053, 8.589586, -3.135508, 0.995828
-9.651224, 8.589292, -3.135783, 1.002662
-9.703696, 8.588972, -3.135315, 1.002421
-9.759128, 8.588684, -3.134095, 1.008132
-9.811347, 8.588294, -3.136451, 1.008019
-9.864523, 8.588121, -3.139175, 1.002200
-9.913448, 8.587999, -3.141002, 1.003976
-9.960397, 8.588052, 3.140047, 1.000705
-9.996354, 8.588171, 3.138062, 0.999251
-10.062954, 8.588549, 3.135109, 1.003514
-10.109175, 8.588924, 3.136007, 0.997425
-10.160365, 8.589290, 3.133853, 1.003546
-10.215211, 8.589815, 3.133214, 0.989680
-10.258246, 8.590260, 3.132969, 1.003662
-10.312194, 8.590832, 3.130655, 1.005124
-10.354064, 8.591317, 3.129285, 1.001716
-10.364059, 8.591459, 3.129353, 1.006815
-10.458033, 8.592715, 3.130237, 1.014162
-10.497509, 8.593167, 3.131419, 1.012147
-10.539788, 8.593616, 3.132910, 1.004500
-10.592042, 8.594106, 3.135039, 1.004328
-10.647826, 8.594484, 3.133623, 0.962155
-10.695825, 8.594736, 3.135550, 0.992850
-10.739787, 8.594925, 3.138222, 1.000335
-10.799796, 8.595099, 3.139396, 1.005398
-10.828799, 8.595167, 3.139085, 0.991837
-10.955373, 8.595012, -3.140224, 1.018115
-11.001519, 8.594892, -3.138926, 1.004451
-11.045493, 8.594703, -3.136328, 0.999858
-11.090430, 8.594400, -3.135352, 1.001216
-11.146420, 8.593920, -3.131997, 1.007572
-11.199461, 8.593302, -3.130198, 1.004769
-11.244257, 8.592636, -3.127451, 0.984731
-11.303119, 8.591575, -3.123159, 1.010143
-11.355256, 8.590419, -3.120470, 1.003914
-11.410356, 8.589090, -3.117647, 0.993129
-11.431255, 8.588531, -3.117032, 0.991952
-11.500074, 8.586614, -3.114881, 0.995674
-11.555214, 8.584967, -3.112797, 1.010354
-11.599388, 8.583557, -3.111774, 1.007423
-11.637513, 8.582294, -3.110499, 1.011345
-11.706761, 8.579920, -3.107968, 1.000232
-11.758762, 8.578163, -3.106503, 1.000055
-11.808725, 8.576371, -3.107222, 0.996968
-11.848699, 8.574946, -3.104901, 0.999933
-11.902601, 8.572948, -3.103881, 0.998881
-11.945558, 8.571322, -3.103472, 1.000047
-11.989497, 8.569620, -3.102504, 0.999983
-12.013661, 8.564089, -3.113263, 0.037577
-12.013937, 8.562194, -3.116890, 0.028248
-12.014193, 8.560706, -3.120119, 0.026530
-12.014598, 8.559622, -3.125049, 0.022229
-12.014729, 8.558956, -3.126742, 0.015865
-12.015000, 8.557923, -3.130095, 0.016867
-12.015084, 8.557444, -3.130880, 0.021325
-12.015175, 8.556962, -3.132174, 0.008545
-12.015394, 8.556400, -3.134812, 0.005362
-12.015445, 8.556120, -3.135419, 0.004930
-12.015526, 8.555797, -3.136147, 0.017300
-12.015591, 8.555559, -3.137130, 0.011057
-12.015612, 8.555422, -3.137328, 0.004265
-12.015651, 8.555216, -3.137806, 0.005271
-12.015692, 8.555032, -3.138191, 0.007274
-12.015689, 8.554826, -3.138275, 0.003097
-12.015671, 8.554696, -3.138016, 0.004317
-12.015639, 8.554514, -3.137572, 0.008894
-12.015663, 8.554343, -3.137958, 0.010247
-12.015652, 8.554171, -3.137864, 0.005326
-12.015663, 8.553950, -3.137955, 0.004608
-12.015679, 8.553777, -3.138360, 0.021696
-12.015932, 8.553603, -3.141060, 0.009819
-12.015893, 8.553565, -3.140605, 0.008259
-12.015898, 8.553526, -3.140551, 0.009762
-12.015857, 8.553457, -3.140193, 0.009970
-12.015856, 8.553454, -3.140178, 0.003993
-12.015808, 8.553290, -3.139627, 0.008713
-12.015804, 8.553266, -3.139582, 0.008748
-12.015799, 8.553042, -3.139220, 0.026812
-12.015800, 8.552893, -3.139465, 0.008265
-12.015789, 8.552810, -3.139414, 0.004761
-12.015763, 8.552676, -3.139055, 0.003459
-12.015760, 8.552549, -3.139013, 0.004229
-12.015793, 8.552386, -3.139429, 0.002381
-12.015809, 8.552316, -3.139506, 0.011183
-12.015859, 8.552142, -3.140226, 0.005639
-12.015872, 8.552056, -3.140323, 0.008261
