0.000000, 0.000000, 0.000000, 0.343000
0.000000, 0.000000, 0.000000, 0.862400
-0.000000, 0.000000, -0.000001, 0.000006
-0.000000, 0.000000, -0.000001, 0.000007
-0.000000, 0.000000, -0.000001, 0.000007
-0.000000, 0.000000, -0.000001, 0.000007
-0.000000, 0.000000, -0.000001, 0.000007
-0.000000, 0.000000, -0.000001, 0.000007
-0.000000, 0.000000, -0.000001, 0.000007
-0.000000, 0.000000, -0.000001, 0.000007
-0.000000, 0.000000, -0.000001, 0.000007
-0.000000, 0.000000, -0.000001, 0.000007
-0.000000, 0.000000, -0.000001, 0.000007
-0.000000, 0.000000, -0.000001, 0.000007
-0.000000, 0.000000, -0.000001, 0.000007
-0.000000, 0.000000, -0.000001, 0.000007
-0.000000, 0.000000, -0.000001, 0.000007
-0.000000, 0.000000, -0.000001, 0.000007
-0.000000, 0.000000, -0.000001, 0.000007
-0.000001, 0.000000, -0.000001, 0.000007
-0.000001, 0.000000, -0.000001, 0.000007
-0.000001, 0.000000, -0.000001, 0.000007
-0.000001, 0.000000, -0.000001, 0.000007
-0.000001, 0.000000, -0.000001, 0.000007
-0.000001, 0.000000, -0.000001, 0.000007
-0.000001, 0.000000, -0.000001, 0.000007
-0.000001, 0.000000, -0.000001, 0.000007
-0.000001, 0.000000, -0.000001, 0.000007
-0.000001, 0.000000, -0.000001, 0.000007
-0.000001, 0.000000, -0.000001, 0.000007
-0.000001, 0.000000, -0.000001, 0.000007
-0.000067, -0.000033, 0.000134, 0.000801
-0.000088, -0.000033, 0.000136, 0.000773
-0.000134, -0.000033, 0.000141, 0.000739
-0.000180, -0.000033, 0.000145, 0.000710
-0.000217, -0.000034, 0.000149, 0.000685
-0.000245, -0.000034, 0.000152, 0.000665
-0.000265, -0.000033, 0.000153, 0.000066
-0.000269, -0.000033, 0.000154, 0.000064
-0.000272, -0.000033, 0.000154, 0.000063
-0.000275, -0.000033, 0.000154, 0.000063
-0.000278, -0.000033, 0.000155, 0.000062
-0.000281, -0.000033, 0.000155, 0.000061
-0.000284, -0.000033, 0.000155, 0.000061
-0.000287, -0.000033, 0.000156, 0.000060
-0.000290, -0.000033, 0.000156, 0.000060
-0.000293, -0.000033, 0.000156, 0.000059
-0.000295, -0.000033, 0.000156, 0.000059
-0.000299, -0.000033, 0.000157, 0.000058
-0.000302, -0.000033, 0.000157, 0.000058
-0.000302, -0.000033, 0.000157, 0.000058
-0.000307, -0.000033, 0.000158, 0.000056
-0.000310, -0.000033, 0.000158, 0.000056
-0.000313, -0.000033, 0.000158, 0.000055
-0.000316, -0.000033, 0.000159, 0.000055
-0.000317, -0.000033, 0.000159, 0.000054
-0.000321, -0.000033, 0.000159, 0.000054
-0.000324, -0.000033, 0.000159, 0.000053
-0.000327, -0.000033, 0.000160, 0.000053
-0.000329, -0.000033, 0.000160, 0.000052
-0.000410, -0.000020, 0.000083, 0.000261
0.000099, 0.000007, -0.000052, 0.012720
0.002116, -0.000003, -0.000000, 0.053503
0.007342, -0.000044, 0.000173, 0.144677
0.015244, -0.000146, 0.001793, 0.177122
0.023796, -0.000136, 0.003789, 0.194648
0.036452, 0.000040, 0.007561, 0.309940
0.058989, 0.000391, 0.016708, 0.464755
0.079922, 0.000635, 0.025713, 0.417981
0.094758, 0.001184, 0.030233, 0.505401
0.130114, 0.002650, 0.049529, 0.602473
0.159836, 0.004412, 0.066617, 0.606609
0.195386, 0.007124, 0.088378, 0.617534
0.209635, 0.008544, 0.097485, 0.591313
0.259875, 0.014570, 0.131641, 0.698339
0.294719, 0.019643, 0.156446, 0.696111
0.333823, 0.026480, 0.186030, 0.731754
0.358125, 0.031470, 0.198762, 0.740620
0.391427, 0.038774, 0.219040, 0.745496
0.437778, 0.050127, 0.247124, 0.719002
0.471360, 0.059078, 0.267687, 0.736087
0.502961, 0.067440, 0.280465, 0.474528
0.520367, 0.072098, 0.284718, 0.483232
0.542265, 0.079011, 0.295504, 0.603364
0.586697, 0.093559, 0.315559, 0.740511
0.619711, 0.104725, 0.333563, 0.748940
0.646500, 0.114254, 0.349810, 0.747426
0.679269, 0.126615, 0.371771, 0.743099
0.728158, 0.145809, 0.408169, 0.743105
0.735603, 0.148888, 0.413411, 0.712771
0.749621, 0.154900, 0.420421, 0.730281
0.820474, 0.187821, 0.452734, 0.845248
0.855941, 0.204836, 0.449947, 0.852928
0.893226, 0.222597, 0.439204, 0.636092
0.926351, 0.238017, 0.432247, 0.875218
0.955881, 0.251634, 0.433363, 0.893511
1.012229, 0.276620, 0.413706, 0.940492
1.043142, 0.289491, 0.396223, 0.949732
1.096389, 0.310329, 0.353267, 0.962305
1.145119, 0.327017, 0.315207, 0.991017
1.192420, 0.340463, 0.270672, 0.762470
1.224685, 0.348191, 0.238194, 0.856160
1.274420, 0.358818, 0.191048, 0.878857
1.323785, 0.367531, 0.143296, 0.945092
1.354575, 0.371510, 0.109962, 0.940264
1.404551, 0.375948, 0.064495, 0.889659
1.435701, 0.377549, 0.033208, 0.898043
1.502310, 0.376958, -0.052500, 0.863551
1.528393, 0.375407, -0.080668, 0.753096
1.560272, 0.372117, -0.120958, 0.653611
1.606230, 0.364501, -0.183291, 0.621587
1.632236, 0.358919, -0.213697, 0.639865
1.664010, 0.350619, -0.265176, 0.737964
1.703740, 0.335295, -0.325597, 0.767771
1.742520, 0.318363, -0.387100, 0.743033
1.761230, 0.309615, -0.418062, 0.718770
1.802094, 0.288903, -0.483158, 0.579884
1.828188, 0.274339, -0.516309, 0.646837
1.853884, 0.258078, -0.547746, 0.537709
1.883626, 0.239685, -0.586370, 0.726280
1.925285, 0.210575, -0.625489, 0.971721
1.958225, 0.184999, -0.646803, 0.996767
1.987907, 0.161732, -0.665022, 0.967788
2.027756, 0.129849, -0.686650, 0.979972
2.069300, 0.095271, -0.705398, 0.815018
2.107499, 0.062430, -0.714972, 0.984259
2.140607, 0.033623, -0.719165, 0.994394
2.176701, 0.002014, -0.719397, 0.971026
2.207920, -0.024780, -0.713243, 0.988288
2.250057, -0.060209, -0.694157, 1.003236
2.274399, -0.080006, -0.677899, 0.752569
2.317041, -0.113058, -0.648589, 0.909821
2.342532, -0.131933, -0.631295, 0.990694
2.394817, -0.167829, -0.592416, 0.926310
2.430965, -0.191566, -0.568083, 0.986949
2.464832, -0.212397, -0.547091, 0.970109
2.513903, -0.241001, -0.511849, 0.945356
2.559323, -0.265217, -0.480874, 0.933793
2.603344, -0.287262, -0.453383, 0.992550
2.647195, -0.307480, -0.424724, 0.994512
2.690139, -0.325985, -0.402212, 0.999250
2.727508, -0.341206, -0.383053, 1.017665
2.774689, -0.359288, -0.354358, 0.963391
2.827949, -0.377760, -0.325202, 1.010078
2.873169, -0.391956, -0.301137, 0.844518
2.892170, -0.397697, -0.287853, 0.945492
2.965368, -0.417144, -0.247760, 0.849813
3.006859, -0.426895, -0.216298, 0.912954
3.047467, -0.435084, -0.188744, 0.958635
3.100514, -0.444113, -0.156277, 1.012094
3.152828, -0.451524, -0.123300, 0.915383
3.186181, -0.455485, -0.097368, 0.911291
3.235347, -0.459327, -0.057430, 0.935489
3.274521, -0.461032, -0.025274, 0.940334
3.274521, -0.461032, -0.025274, 0.940334
3.290283, -0.461358, -0.012403, 0.919723
3.445040, -0.453848, 0.116771, 0.860521
3.484997, -0.447535, 0.140104, 0.770661
3.510443, -0.441484, 0.161200, 0.886561
3.563111, -0.431762, 0.214612, 0.795168
3.591647, -0.425454, 0.241515, 0.683419
3.642820, -0.410912, 0.303857, 0.841365
3.674387, -0.400411, 0.337642, 0.678766
3.719130, -0.383350, 0.373548, 0.690737
3.748492, -0.371620, 0.405354, 0.741779
3.776949, -0.358763, 0.436244, 0.890201
3.822022, -0.335151, 0.478455, 0.766916
3.866943, -0.310122, 0.512905, 1.012645
3.915126, -0.282564, 0.523802, 0.994822
3.953133, -0.260534, 0.531006, 0.995658
3.990460, -0.238742, 0.536632, 0.986389
4.028665, -0.216032, 0.535445, 0.812449
4.071308, -0.190779, 0.535978, 0.996393
4.112094, -0.166762, 0.532969, 0.898592
4.149236, -0.144896, 0.528415, 0.943223
4.188741, -0.121964, 0.523408, 1.000641
4.235837, -0.095349, 0.516001, 0.993067
4.289742, -0.064804, 0.516414, 1.001708
4.328731, -0.042636, 0.518146, 1.002537
4.367488, -0.020563, 0.518755, 1.001054
4.403841, -0.000125, 0.519706, 0.879481
4.456491, 0.029151, 0.512821, 0.997487
4.498217, 0.052241, 0.505888, 0.973524
4.528693, 0.068592, 0.497656, 0.946252
4.569386, 0.090394, 0.488876, 0.978668
4.607581, 0.110493, 0.484490, 0.990279
4.663319, 0.139110, 0.470411, 0.997257
4.704676, 0.159292, 0.446395, 0.938329
4.741719, 0.176131, 0.412681, 0.926692
4.791576, 0.196301, 0.371860, 0.964321
4.831870, 0.210951, 0.334297, 0.904316
4.846846, 0.215957, 0.323058, 0.906269
4.910178, 0.234721, 0.259078, 0.706550
4.948442, 0.244403, 0.218434, 0.806589
4.990409, 0.252972, 0.174130, 0.883031
5.023971, 0.258394, 0.139958, 0.830193
5.065970, 0.263095, 0.094265, 0.878063
5.121598, 0.266674, 0.032836, 0.891895
5.153042, 0.267175, -0.002507, 0.898412
5.173366, 0.266844, -0.025731, 0.877788
5.212188, 0.265059, -0.065859, 0.867581
5.287768, 0.256906, -0.152842, 0.843543
5.321184, 0.251122, -0.193036, 0.887763
5.343255, 0.246385, -0.218786, 0.910485
5.365072, 0.241554, -0.240740, 0.796301
5.485152, 0.200540, -0.368431, 0.940274
5.504828, 0.192117, -0.390702, 0.877056
5.570181, 0.161689, -0.457338, 0.904842
5.583208, 0.154837, -0.470129, 0.910202
5.642208, 0.122543, -0.532468, 0.895424
5.689985, 0.092612, -0.583791, 0.932863
5.726748, 0.066994, -0.616206, 0.984216
5.755396, 0.046728, -0.632187, 0.977258
5.799368, 0.014261, -0.639678, 0.998116
5.839133, -0.015335, -0.642355, 0.994053
5.884281, -0.048813, -0.639168, 0.997195
5.906183, -0.064859, -0.638975, 0.807469
5.945881, -0.094358, -0.636497, 0.999106
5.982883, -0.121773, -0.639484, 1.001910
6.028899, -0.155506, -0.632327, 0.698752
6.056251, -0.175660, -0.618425, 0.949281
6.090846, -0.199317, -0.597002, 1.024611
6.136086, -0.228367, -0.557534, 0.937909
6.164628, -0.245512, -0.529378, 0.936400
6.221115, -0.276540, -0.477498, 0.929980
6.258351, -0.294883, -0.446977, 1.018897
6.305529, -0.315129, -0.398193, 0.720717
6.328262, -0.324115, -0.373672, 0.730146
6.379237, -0.342410, -0.321026, 0.947906
6.413596, -0.353223, -0.293858, 0.936846
6.451019, -0.363628, -0.265698, 0.890197
6.512010, -0.378808, -0.223120, 0.966330
6.559053, -0.388842, -0.203769, 0.987942
6.603670, -0.397619, -0.193640, 1.002424
6.640663, -0.404818, -0.191067, 0.998296
6.698189, -0.415849, -0.189112, 1.000286
6.747713, -0.424924, -0.180237, 0.925594
6.790099, -0.432363, -0.167943, 0.993980
6.851180, -0.442291, -0.157045, 1.000601
6.896034, -0.448931, -0.142876, 1.003700
6.940308, -0.454915, -0.128732, 0.997313
6.983687, -0.460039, -0.114409, 0.992215
7.030698, -0.464938, -0.097054, 0.987601
7.089156, -0.469978, -0.074038, 1.004347
7.131021, -0.472751, -0.057595, 0.947102
7.186067, -0.475163, -0.036933, 0.878747
7.234570, -0.476531, -0.015526, 0.984711
7.267667, -0.476716, -0.006328, 0.957440
7.320764, -0.476663, 0.010072, 0.888571
7.373206, -0.475781, 0.025891, 0.951528
7.416141, -0.474384, 0.043699, 0.925368
7.416141, -0.474384, 0.043699, 0.925368
7.427405, -0.473797, 0.049640, 0.946914
7.526564, -0.466912, 0.090637, 0.956230
7.592644, -0.460283, 0.117633, 0.733898
7.632830, -0.456029, 0.117846, 0.614806
7.656045, -0.452523, 0.131677, 0.728078
7.687788, -0.448732, 0.151809, 0.683169
7.726051, -0.442544, 0.171087, 0.746330
7.778392, -0.432311, 0.208320, 0.890376
7.815932, -0.424424, 0.229305, 0.870329
7.849122, -0.416568, 0.246955, 0.706230
7.890877, -0.405390, 0.255014, 0.653533
7.932075, -0.394200, 0.290634, 0.853868
7.959051, -0.385470, 0.308433, 0.946146
8.015712, -0.365824, 0.342121, 0.975201
8.058918, -0.349497, 0.362802, 0.980809
8.101777, -0.332737, 0.380512, 0.835448
8.119260, -0.325759, 0.384466, 0.880535
8.175580, -0.304102, 0.389134, 0.672669
8.202971, -0.293031, 0.395661, 0.676149
8.235702, -0.279803, 0.412551, 0.795735
8.269457, -0.265573, 0.431256, 0.973541
8.317838, -0.242969, 0.440137, 0.782507
8.356995, -0.225177, 0.448623, 0.675823
8.389851, -0.209497, 0.458313, 0.681238
8.414505, -0.198613, 0.472540, 0.684119
8.443156, -0.185762, 0.488657, 0.799727
8.498191, -0.156621, 0.488408, 0.988529
8.536800, -0.136530, 0.478280, 0.971774
8.584889, -0.112684, 0.463422, 0.964475
8.627506, -0.091909, 0.451481, 0.990146
8.655978, -0.078440, 0.439381, 0.998748
8.704307, -0.057068, 0.408024, 0.905503
8.738801, -0.043305, 0.384762, 0.755885
8.786488, -0.025536, 0.345044, 0.809049
8.829213, -0.011023, 0.314873, 0.940052
8.858353, -0.001846, 0.303163, 1.007439
8.924228, 0.017096, 0.261148, 0.892254
8.965434, 0.027574, 0.236585, 0.905958
8.997706, 0.035083, 0.221626, 0.912947
9.058246, 0.048015, 0.194195, 0.982361
9.115571, 0.058502, 0.167063, 0.961235
9.161416, 0.065833, 0.144170, 0.956068
9.191709, 0.069991, 0.131915, 0.998446
9.243709, 0.076371, 0.109991, 0.857988
9.294736, 0.081581, 0.088283, 0.960441
9.342411, 0.084987, 0.067908, 0.917431
9.381765, 0.087482, 0.045317, 0.927651
9.427232, 0.089212, 0.026156, 0.913696
9.477482, 0.089916, -0.000073, 0.974692
9.477482, 0.089916, -0.000073, 0.974692
9.565974, 0.088242, -0.035934, 0.982020
9.637132, 0.084902, -0.056106, 0.993416
9.681100, 0.082704, -0.061423, 0.941502
9.708122, 0.080954, -0.068024, 0.934114
9.770586, 0.076220, -0.087663, 0.944435
9.807651, 0.072735, -0.097160, 0.906987
9.854677, 0.068517, -0.100177, 0.840968
9.903556, 0.064503, -0.105288, 0.827019
9.937423, 0.060786, -0.104250, 0.905171
9.983434, 0.055881, -0.108287, 0.956100
10.049726, 0.048387, -0.114260, 0.996055
10.091584, 0.043738, -0.112516, 1.014724
10.139168, 0.038506, -0.109047, 0.999393
10.176709, 0.034556, -0.104957, 0.993684
10.232397, 0.028964, -0.094287, 0.991259
10.296428, 0.023743, -0.072833, 0.995679
10.345452, 0.020663, -0.053896, 1.008977
10.378332, 0.019179, -0.040775, 1.009841
10.436744, 0.017749, -0.008308, 0.927241
10.469810, 0.018019, 0.015363, 0.924873
10.528162, 0.020679, 0.070610, 0.892801
10.577433, 0.025876, 0.128894, 0.903750
10.617936, 0.032382, 0.180842, 0.905230
10.640920, 0.037095, 0.210433, 0.897655
10.699254, 0.052214, 0.288880, 0.845182
10.700062, 0.052491, 0.289905, 0.854581
10.781409, 0.082308, 0.404462, 0.859353
10.818705, 0.099144, 0.458984, 0.774996
10.852129, 0.117199, 0.506913, 0.909282
10.900924, 0.147170, 0.560521, 0.927977
10.930400, 0.165647, 0.593791, 0.739767
10.960652, 0.187285, 0.626527, 0.878016
10.997350, 0.215228, 0.668449, 0.929254
11.035974, 0.247216, 0.715346, 0.847586
11.056610, 0.265662, 0.740333, 0.672620
11.087651, 0.295411, 0.774122, 0.829020
11.123976, 0.331936, 0.819846, 0.847339
11.148346, 0.358742, 0.847674, 0.920567
11.182261, 0.398977, 0.883660, 0.935317
11.211409, 0.436085, 0.919989, 0.949174
11.231845, 0.463928, 0.943555, 0.922529
11.261499, 0.506556, 0.982716, 0.936917
11.290922, 0.552434, 1.018001, 0.952438
11.315488, 0.593048, 1.048005, 0.922287
11.334639, 0.627273, 1.066616, 1.016486
11.363806, 0.682688, 1.096463, 1.018606
11.386226, 0.728275, 1.128611, 0.989535
11.401818, 0.762516, 1.152389, 0.792121
11.413771, 0.789360, 1.170089, 0.959641
11.413771, 0.789360, 1.170089, 0.959641
11.456717, 0.896952, 1.205403, 0.944665
11.466259, 0.923278, 1.220951, 0.709552
11.482943, 0.969581, 1.252970, 0.914763
11.496979, 1.014182, 1.281177, 0.865202
11.506230, 1.047861, 1.298826, 0.720277
11.518955, 1.094705, 1.325991, 0.949030
11.531744, 1.145766, 1.329766, 0.997970
11.544083, 1.194723, 1.323081, 0.994779
11.556523, 1.242942, 1.315242, 0.995618
11.570032, 1.294330, 1.312791, 1.009507
11.582371, 1.341752, 1.315383, 0.819481
11.590740, 1.376094, 1.323963, 0.844901
11.601681, 1.418437, 1.330391, 0.870102
11.604619, 1.430194, 1.330602, 0.974110
11.617324, 1.484996, 1.335936, 0.968646
11.632933, 1.552532, 1.334207, 0.992709
11.645762, 1.606227, 1.336122, 0.994811
11.654059, 1.642198, 1.334619, 0.852275
11.661037, 1.672820, 1.347997, 0.641986
11.669560, 1.711680, 1.354039, 0.716007
11.678568, 1.750588, 1.358842, 0.864587
11.688762, 1.797525, 1.361662, 0.995875
11.696084, 1.835082, 1.363747, 0.930226
11.705861, 1.882246, 1.367832, 0.997236
11.713736, 1.922682, 1.370999, 0.762118
11.722869, 1.971102, 1.385850, 0.759094
11.726944, 1.994583, 1.389093, 0.621642
11.735336, 2.036795, 1.394618, 0.789122
11.743406, 2.077937, 1.394008, 0.892852
11.752056, 2.123959, 1.393930, 0.990616
11.758280, 2.159089, 1.395137, 0.993055
11.768724, 2.220641, 1.397494, 0.991122
11.775748, 2.263310, 1.399642, 0.941989
11.785901, 2.322059, 1.399403, 0.994838
11.792011, 2.356736, 1.400191, 0.990696
11.799832, 2.406180, 1.390540, 0.802444
11.805757, 2.437589, 1.387025, 0.731060
11.813980, 2.478384, 1.373966, 0.874296
11.824413, 2.531693, 1.362515, 0.839370
11.836432, 2.584356, 1.340564, 0.978089
11.841965, 2.610087, 1.333489, 0.769106
11.854738, 2.662583, 1.313383, 0.802047
11.868012, 2.711905, 1.299593, 0.931164
11.880676, 2.756362, 1.290195, 0.981525
11.880951, 2.757305, 1.289911, 0.982898
11.904636, 2.837436, 1.272346, 0.991341
11.919759, 2.885482, 1.265917, 0.989208
11.935353, 2.935624, 1.257985, 0.917298
11.947437, 2.974716, 1.246961, 0.856632
11.963222, 3.020227, 1.230694, 0.989175
11.979880, 3.066278, 1.217283, 0.990248
11.992776, 3.100372, 1.210949, 0.949406
12.011810, 3.148766, 1.194782, 0.980458
12.032742, 3.199942, 1.172630, 0.980723
12.032742, 3.199942, 1.172630, 0.980723
12.035820, 3.207184, 1.169938, 0.984241
12.089753, 3.324841, 1.125904, 0.846675
12.106715, 3.359338, 1.113900, 0.897761
12.132221, 3.409927, 1.093434, 1.000651
12.152013, 3.448052, 1.087956, 1.003037
12.172968, 3.488760, 1.094752, 0.965925
12.194237, 3.531626, 1.110598, 1.028172
12.216050, 3.578721, 1.147972, 1.028202
12.234200, 3.622140, 1.180390, 1.026767
12.250230, 3.663855, 1.211509, 0.962079
12.267605, 3.711571, 1.241715, 1.001111
12.283435, 3.759262, 1.261365, 0.994441
12.300074, 3.814028, 1.285246, 0.832095
12.309088, 3.844425, 1.300058, 0.749432
12.318147, 3.875265, 1.309768, 0.933897
12.334859, 3.940184, 1.317469, 0.877593
12.346226, 3.984393, 1.326777, 0.996398
12.355937, 4.025069, 1.331601, 0.924691
12.367345, 4.072537, 1.340205, 0.891654
12.376046, 4.109540, 1.342202, 0.842432
12.386685, 4.162079, 1.363166, 0.743817
12.387664, 4.166404, 1.368914, 0.735739
12.400077, 4.230838, 1.389361, 0.854466
12.401714, 4.262148, 1.403589, 0.509851
12.407070, 4.292352, 1.407383, 0.623895
12.411902, 4.319575, 1.417297, 0.582043
12.417538, 4.360033, 1.442316, 0.818351
12.423134, 4.397383, 1.448080, 0.976486
12.429060, 4.446222, 1.459825, 0.893314
12.433002, 4.482409, 1.465519, 0.995200
12.436165, 4.524072, 1.480766, 0.924822
12.440183, 4.569746, 1.488375, 0.924709
12.444492, 4.624702, 1.503743, 0.984674
12.447526, 4.670735, 1.512494, 0.838975
12.449961, 4.715395, 1.523002, 0.898363
12.452193, 4.761369, 1.534053, 0.839557
12.453678, 4.812984, 1.549213, 0.995035
12.454456, 4.845608, 1.553361, 0.836716
12.455117, 4.914739, 1.574864, 0.949778
12.455031, 4.944147, 1.581126, 0.885408
12.454295, 4.989714, 1.593953, 0.982063
12.453216, 5.029626, 1.604592, 0.765332
12.452326, 5.069364, 1.613715, 0.776881
12.449974, 5.115167, 1.629830, 0.946205
12.447365, 5.153000, 1.647022, 0.953502
12.441929, 5.212555, 1.669057, 1.007711
12.436865, 5.261827, 1.678161, 0.841569
12.432732, 5.296268, 1.690568, 0.895379
12.432732, 5.296268, 1.690568, 0.895379
12.419206, 5.391408, 1.727880, 0.986628
12.411407, 5.441060, 1.743317, 0.952219
12.403725, 5.484961, 1.756360, 0.810568
12.399519, 5.512395, 1.768963, 0.837638
12.388530, 5.566896, 1.794167, 0.854646
12.376205, 5.619501, 1.817395, 0.998008
12.368949, 5.648579, 1.815054, 0.998249
12.357452, 5.694586, 1.811450, 0.855361
12.344737, 5.753043, 1.799300, 0.809926
12.336385, 5.788483, 1.798107, 0.978671
12.325169, 5.836894, 1.799540, 0.996017
12.320869, 5.855326, 1.800488, 0.996222
12.301874, 5.940702, 1.797335, 0.992991
12.296128, 5.965773, 1.796124, 0.994509
12.283985, 6.022298, 1.789721, 0.859518
12.274914, 6.063332, 1.786636, 0.987392
12.263105, 6.118564, 1.784338, 0.991512
12.253968, 6.161025, 1.783002, 0.993970
12.242105, 6.216504, 1.782387, 0.988134
12.236207, 6.245157, 1.778971, 0.877665
12.224741, 6.300738, 1.777068, 0.960330
12.214443, 6.356730, 1.773786, 0.734611
12.209385, 6.382271, 1.773267, 0.851020
12.197825, 6.438956, 1.774503, 0.973051
12.189800, 6.477886, 1.776665, 0.989285
12.178575, 6.531353, 1.780147, 0.993842
12.168999, 6.579665, 1.778522, 0.870024
12.164650, 6.598943, 1.779503, 0.877090
12.153380, 6.659247, 1.777239, 0.721562
12.150552, 6.674360, 1.781475, 0.772798
12.147803, 6.690285, 1.782928, 0.587896
12.139287, 6.732032, 1.782934, 0.574676
12.129026, 6.781487, 1.804861, 0.888453
12.116626, 6.831452, 1.815424, 0.991515
12.106496, 6.871831, 1.819309, 0.959143
12.091256, 6.932277, 1.820451, 0.992946
12.082590, 6.966206, 1.824289, 0.962875
12.068118, 7.020767, 1.836080, 0.992010
12.052614, 7.076399, 1.846735, 0.975793
12.043458, 7.108380, 1.853447, 0.933582
12.028291, 7.159057, 1.867813, 0.990578
12.010777, 7.214655, 1.880495, 0.976316
12.001508, 7.244761, 1.890637, 0.858079
11.983220, 7.299244, 1.905392, 0.957351
11.968996, 7.339325, 1.917149, 0.992803
11.957164, 7.371079, 1.933327, 0.968877
11.942917, 7.407240, 1.955317, 0.959479
11.936618, 7.422852, 1.965323, 0.906211
11.936618, 7.422852, 1.965323, 0.906211
11.909011, 7.487702, 1.999721, 0.808865
11.886843, 7.533796, 2.031344, 0.959580
11.834926, 7.631701, 2.095977, 0.963885
11.816883, 7.662526, 2.115156, 0.740857
11.792611, 7.702327, 2.139201, 0.675022
11.780027, 7.724093, 2.158473, 0.688833
11.757107, 7.758571, 2.185613, 0.908345
11.724140, 7.803374, 2.213612, 0.988149
11.705618, 7.827477, 2.230229, 0.925421
11.672949, 7.868980, 2.259676, 0.896693
11.634044, 7.914884, 2.287517, 0.986697
11.606367, 7.946303, 2.310587, 0.950371
11.579963, 7.974799, 2.328271, 0.958277
11.555003, 8.000598, 2.343342, 0.879192
11.508507, 8.046916, 2.367756, 0.991926
11.483288, 8.071332, 2.380065, 0.912575
11.456553, 8.096574, 2.393084, 0.843256
11.407271, 8.141445, 2.418392, 0.980314
11.371375, 8.172914, 2.434805, 0.988936
11.354248, 8.187625, 2.443460, 0.825735
11.318985, 8.216685, 2.461500, 0.895681
11.283210, 8.245440, 2.475486, 0.917271
11.244015, 8.275663, 2.489585, 0.792441
11.207539, 8.302825, 2.504862, 0.674295
11.207539, 8.302825, 2.504862, 0.674295
11.150038, 8.344226, 2.529731, 0.895676
11.090637, 8.385190, 2.544359, 0.999554
11.054145, 8.409701, 2.563079, 0.656733
11.026136, 8.428763, 2.580292, 0.805545
10.997012, 8.447106, 2.590994, 0.790206
10.955053, 8.472229, 2.610277, 0.783300
10.941294, 8.480452, 2.615306, 0.902604
10.885642, 8.511671, 2.636712, 0.973075
10.850144, 8.531136, 2.645517, 0.906336
10.810488, 8.552045, 2.657210, 0.763169
10.772763, 8.571349, 2.673111, 0.826855
10.731447, 8.591413, 2.689580, 0.739886
10.692358, 8.610463, 2.705665, 0.942032
10.673185, 8.619426, 2.709572, 0.910862
10.616467, 8.644537, 2.729662, 0.857901
10.563410, 8.667295, 2.747977, 0.966100
10.530171, 8.680938, 2.756984, 0.965725
10.473628, 8.703677, 2.760805, 0.987293
10.449740, 8.713441, 2.758613, 0.988414
10.389386, 8.737778, 2.748149, 0.869397
10.362694, 8.748651, 2.745715, 0.887946
10.299943, 8.774812, 2.741229, 1.002462
10.263663, 8.789983, 2.738791, 1.006107
10.225525, 8.805732, 2.748175, 0.975761
10.169277, 8.827495, 2.778912, 0.810212
10.156358, 8.832470, 2.789163, 0.888079
10.048220, 8.868774, 2.838486, 0.953386
9.985331, 8.887639, 2.869594, 0.962320
9.943209, 8.899126, 2.883262, 0.994086
9.884839, 8.914340, 2.889945, 0.997270
9.853896, 8.922337, 2.889392, 0.995807
9.806175, 8.934455, 2.889682, 0.866259
9.765034, 8.944889, 2.901948, 0.879254
9.714782, 8.957188, 2.912285, 0.957674
9.660527, 8.969831, 2.911993, 0.998763
9.611846, 8.981108, 2.910972, 0.997186
9.576868, 8.989288, 2.913075, 0.969152
9.529687, 9.000161, 2.913245, 0.942825
9.485401, 9.008566, 2.922235, 0.773874
9.452981, 9.014732, 2.923284, 0.855057
9.406410, 9.023102, 2.937733, 0.917027
9.373165, 9.028995, 2.953648, 0.784513
9.336676, 9.035665, 2.970002, 0.941084
9.269986, 9.046487, 2.993645, 0.984556
9.210016, 9.055040, 3.000548, 0.990241
9.161414, 9.061185, 3.022527, 0.985731
9.140251, 9.063538, 3.036374, 0.941361
9.075444, 9.069159, 3.074279, 1.011236
9.030801, 9.071860, 3.091960, 1.004093
8.975066, 9.074010, 3.109711, 0.942018
8.962420, 9.074395, 3.112820, 0.917447
8.883470, 9.075839, 3.132964, 0.873027
8.845148, 9.075888, 3.141305, 0.920821
8.796028, 9.075625, -3.133395, 0.826484
8.760735, 9.075188, -3.124729, 0.829795
8.717114, 9.074398, -3.117968, 0.756220
8.665286, 9.072299, -3.099999, 0.973033
8.629632, 9.070293, -3.092701, 0.959860
8.574630, 9.067071, -3.078170, 0.993558
8.521628, 9.063373, -3.070310, 0.998712
8.488339, 9.060740, -3.069276, 0.936418
8.430969, 9.056239, -3.062053, 0.984384
8.392684, 9.053218, -3.059809, 0.841891
8.346801, 9.049320, -3.059215, 0.810953
8.314495, 9.046413, -3.055581, 0.734525
8.265626, 9.042774, -3.045995, 0.778079
8.233625, 9.039790, -3.034423, 0.897633
8.183008, 9.033937, -3.020707, 0.980456
8.122457, 9.025733, -3.001234, 0.969642
8.076848, 9.019117, -2.995001, 0.940606
8.047999, 9.014493, -2.991061, 0.923050
7.986907, 9.004801, -2.976938, 0.980723
7.944234, 8.997094, -2.965576, 0.999247
7.894624, 8.987851, -2.954595, 1.036091
7.854021, 8.980102, -2.945757, 0.842032
7.807556, 8.970770, -2.946191, 0.752485
7.764759, 8.962075, -2.939885, 0.769732
7.715907, 8.951382, -2.932975, 0.968730
7.672732, 8.942736, -2.929145, 0.816508
7.639586, 8.934796, -2.921018, 0.894614
7.616793, 8.929813, -2.911445, 0.956916
7.607406, 8.927656, -2.907980, 0.965305
7.489822, 8.898625, -2.871948, 0.981903
7.454374, 8.889466, -2.866935, 0.964348
7.387579, 8.870543, -2.863933, 1.007774
7.340226, 8.857687, -2.865891, 0.977126
7.302045, 8.846949, -2.871793, 0.986532
7.246962, 8.832252, -2.878592, 0.960189
7.222504, 8.826034, -2.882815, 0.819017
7.180169, 8.816739, -2.899359, 0.647959
7.159115, 8.811945, -2.897177, 0.719093
7.100207, 8.797346, -2.905215, 0.997835
7.047084, 8.785197, -2.917857, 0.994770
7.042217, 8.784091, -2.918301, 0.999739
6.961717, 8.766252, -2.929075, 0.896412
6.905292, 8.754738, -2.943528, 0.929515
6.880431, 8.750060, -2.952315, 0.818944
6.836653, 8.742005, -2.965919, 0.868292
6.783857, 8.733055, -2.980340, 0.936881
6.728528, 8.724576, -2.992349, 0.994429
6.687435, 8.718569, -3.000642, 1.000000
6.641510, 8.712349, -3.012702, 0.940981
6.597747, 8.706948, -3.021516, 0.997655
6.545737, 8.700748, -3.034842, 0.971964
6.499748, 8.695867, -3.049315, 0.884103
6.443436, 8.691027, -3.067545, 0.939407
6.401225, 8.688123, -3.081102, 0.966210
6.359728, 8.685756, -3.096462, 0.954757
6.314905, 8.683963, -3.110495, 0.943627
6.291038, 8.683316, -3.121152, 0.954615
6.231005, 8.682132, 3.141045, 0.893944
6.185042, 8.682457, 3.122442, 0.881609
6.134444, 8.683566, 3.098727, 0.928475
6.099020, 8.684675, 3.088538, 0.829244
6.057497, 8.687070, 3.079711, 0.972264
5.998650, 8.690876, 3.069892, 0.930697
5.948158, 8.694458, 3.062619, 0.973802
5.903660, 8.698215, 3.053121, 0.995340
5.866151, 8.701099, 3.051175, 0.725106
5.829225, 8.704733, 3.045208, 0.864309
5.784747, 8.708795, 3.037314, 0.878848
5.732701, 8.714043, 3.028966, 0.899677
5.680525, 8.719677, 3.029034, 0.860625
5.645291, 8.723788, 3.023082, 0.934027
5.588546, 8.731083, 3.011049, 0.983039
5.550108, 8.735433, 3.008837, 0.726603
5.514801, 8.739783, 3.004802, 0.731013
5.484894, 8.743191, 2.999921, 0.729671
5.423234, 8.752529, 2.991160, 0.977417
5.376363, 8.759763, 2.983686, 0.993934
5.336165, 8.765284, 2.986492, 0.788953
5.328088, 8.766467, 2.984693, 0.841293
5.246318, 8.780242, 2.962404, 0.989763
5.202336, 8.788834, 2.957564, 0.950302
5.179525, 8.793129, 2.954244, 0.984051
5.117730, 8.804361, 2.948913, 0.933709
5.054343, 8.816278, 2.947122, 0.965498
5.036937, 8.819741, 2.944751, 0.993105
4.955579, 8.836027, 2.941222, 0.994119
4.909772, 8.844892, 2.941060, 0.950698
4.868066, 8.853457, 2.937666, 0.995169
4.831146, 8.860906, 2.936818, 0.988574
4.769269, 8.873692, 2.934857, 1.010598
4.723239, 8.883198, 2.945849, 0.979319
4.670881, 8.893221, 2.957962, 0.999377
4.622995, 8.902251, 2.977598, 1.015947
4.571117, 8.910795, 3.003190, 0.980815
4.537928, 8.915184, 3.016100, 0.971748
4.495579, 8.920317, 3.035599, 0.937411
4.433322, 8.926099, 3.058111, 0.912013
4.380953, 8.930044, 3.079817, 0.913678
4.343293, 8.932260, 3.096822, 0.902257
4.301846, 8.934180, 3.111675, 0.861229
4.259134, 8.935458, 3.127267, 0.848586
4.205414, 8.935565, -3.129025, 0.974367
4.155396, 8.934576, -3.114044, 0.991970
4.117549, 8.933322, -3.103739, 0.925597
4.081539, 8.931841, -3.092752, 0.851461
4.037389, 8.929437, -3.081561, 0.849392
3.990937, 8.926153, -3.067807, 0.934149
3.926512, 8.920297, -3.040033, 0.978261
3.875027, 8.914580, -3.027885, 0.855542
3.850433, 8.911920, -3.019769, 0.772250
3.793032, 8.903744, -2.990245, 0.963352
3.754586, 8.897540, -2.973908, 0.931029
3.704814, 8.888106, -2.946456, 0.955011
3.658956, 8.878115, -2.925357, 1.007593
3.621958, 8.869635, -2.908256, 0.892081
3.574841, 8.857857, -2.888608, 0.977897
3.524399, 8.843957, -2.868335, 0.962358
3.479696, 8.830643, -2.850607, 0.910133
3.439197, 8.818276, -2.839858, 0.910925
3.393111, 8.803205, -2.817534, 0.949002
3.358958, 8.791187, -2.800219, 0.951904
3.302706, 8.770578, -2.780301, 1.038462
3.259256, 8.754439, -2.775906, 0.846903
3.213511, 8.738037, -2.771061, 0.624921
3.186526, 8.727376, -2.768197, 0.867164
3.142614, 8.709852, -2.756806, 0.949311
3.092341, 8.689097, -2.746040, 0.996297
3.056692, 8.674450, -2.745090, 0.994342
3.004100, 8.652698, -2.754354, 1.016732
2.964237, 8.637271, -2.761407, 0.825200
2.924801, 8.621517, -2.775117, 0.907226
2.870176, 8.601047, -2.798677, 0.964900
2.836782, 8.589574, -2.811998, 1.000662
2.780884, 8.570908, -2.840249, 0.964737
2.736967, 8.557645, -2.868828, 0.976019
2.701094, 8.547927, -2.886521, 1.015739
2.635492, 8.532139, -2.924872, 1.021761
2.601621, 8.525343, -2.944704, 0.989301
2.536009, 8.513908, -2.980890, 1.015357
2.519434, 8.511281, -2.992458, 0.956488
2.497509, 8.508187, -3.003822, 0.950394
2.407874, 8.498266, -3.056125, 0.958587
2.368222, 8.495067, -3.075959, 0.824883
2.322431, 8.492135, -3.096423, 0.780165
2.281215, 8.490461, -3.123950, 0.895782
2.242351, 8.490295, 3.130879, 0.916885
2.188554, 8.492054, 3.084630, 0.900347
2.165551, 8.493664, 3.063784, 0.930454
2.108691, 8.499264, 3.016668, 0.903164
2.052667, 8.507687, 2.960004, 0.869237
2.028033, 8.512262, 2.934058, 0.885792
1.977472, 8.524410, 2.875843, 0.893860
1.943216, 8.533220, 2.843163, 0.663354
1.899507, 8.547373, 2.795302, 0.632695
1.876711, 8.554681, 2.777220, 0.352600
1.857093, 8.562381, 2.772736, 0.518559
1.826374, 8.575971, 2.749497, 0.677440
1.789436, 8.592339, 2.708861, 0.846258
1.757826, 8.607182, 2.690712, 0.946791
1.720343, 8.626273, 2.668274, 0.938269
1.665122, 8.655803, 2.641403, 0.985182
1.619120, 8.681706, 2.620280, 0.988000
1.575686, 8.706969, 2.605855, 0.936865
1.542756, 8.726420, 2.594062, 0.967905
1.509619, 8.746635, 2.584253, 0.809398
1.466439, 8.773629, 2.570761, 0.982096
1.424404, 8.800942, 2.561013, 0.993797
1.381992, 8.828963, 2.553225, 0.998118
1.332633, 8.860556, 2.556526, 0.992059
1.298082, 8.883066, 2.569130, 1.007413
1.249405, 8.913544, 2.588932, 0.989432
1.223131, 8.929308, 2.605625, 0.940197
1.177783, 8.954739, 2.637427, 1.020185
1.134506, 8.976974, 2.675034, 0.942013
1.082396, 9.000955, 2.725781, 0.960729
1.043564, 9.016938, 2.767870, 0.874605
1.003819, 9.031769, 2.808442, 0.876683
0.987519, 9.037307, 2.823051, 0.889886
0.968161, 9.043402, 2.841899, 0.704569
0.835224, 9.082466, 2.988457, 0.919300
0.796141, 9.088047, 3.014876, 0.882246
0.751772, 9.092823, 3.057197, 0.913504
0.706421, 9.095697, 3.104148, 0.879125
0.665525, 9.096450, -3.136808, 0.888263
0.623167, 9.095721, -3.097761, 0.823186
0.590051, 9.093950, -3.062748, 0.787162
0.542389, 9.089026, -3.006204, 0.822673
0.498505, 9.082199, -2.953105, 0.823217
0.462280, 9.074925, -2.908176, 0.797889
0.422396, 9.064566, -2.857635, 0.726217
0.376672, 9.049166, -2.795133, 0.873323
0.341126, 9.035079, -2.750409, 0.902577
0.299731, 9.016879, -2.706400, 0.932568
0.281603, 9.008082, -2.694734, 0.889483
0.221159, 8.976879, -2.659297, 0.983452
0.182552, 8.956240, -2.644012, 0.931897
0.162160, 8.945028, -2.636733, 0.994776
0.085935, 8.902223, -2.619825, 1.019936
0.043639, 8.877760, -2.611463, 0.996063
0.001065, 8.852414, -2.613122, 0.882884
-0.012812, 8.844121, -2.610185, 0.984976
-0.059845, 8.816634, -2.604043, 0.659371
-0.105655, 8.789068, -2.601678, 0.946992
-0.143003, 8.766356, -2.594180, 0.997283
-0.189126, 8.738022, -2.590202, 0.988870
-0.228379, 8.714149, -2.594882, 0.987055
-0.252422, 8.699966, -2.603743, 0.953299
-0.305590, 8.669441, -2.633447, 0.953753
-0.354470, 8.643985, -2.683459, 0.925454
-0.384970, 8.630042, -2.720651, 0.683088
-0.397813, 8.624472, -2.735059, 0.637896
-0.441177, 8.603963, -2.782608, 0.637249
-0.471319, 8.591190, -2.817223, 0.824225
-0.518993, 8.576160, -2.864647, 0.892300
-0.549895, 8.567839, -2.891356, 0.749997
-0.593291, 8.557485, -2.928391, 0.924330
-0.626568, 8.550758, -2.956218, 0.794865
-0.682789, 8.540661, -2.994870, 0.811472
-0.718816, 8.535620, -3.018793, 0.729309
-0.755593, 8.530540, -3.055868, 0.898165
-0.806747, 8.526925, -3.090829, 0.743053
-0.828940, 8.525651, -3.108204, 0.737315
-0.881044, 8.524795, 3.136704, 0.713736
-0.920004, 8.525769, 3.097523, 0.867359
-0.947556, 8.526751, 3.072658, 0.771714
-0.994227, 8.530889, 3.027830, 0.737658
-1.012142, 8.532819, 3.004144, 0.790797
-1.066561, 8.541586, 2.942744, 0.736468
-1.115741, 8.553150, 2.880451, 0.805869
-1.146703, 8.561747, 2.853137, 0.688004
-1.178866, 8.571721, 2.814862, 0.641611
-1.215961, 8.585172, 2.772566, 0.883785
-1.249039, 8.598786, 2.736791, 0.834621
-1.294719, 8.619996, 2.702262, 0.821381
-1.335336, 8.639604, 2.670967, 0.730781
-1.372717, 8.659360, 2.645968, 0.946834
-1.414919, 8.683043, 2.620465, 0.952857
-1.456877, 8.706856, 2.620338, 0.992884
-1.482244, 8.721278, 2.631195, 0.923593
-1.538266, 8.751597, 2.658196, 0.996233
-1.581091, 8.773554, 2.673561, 1.003920
-1.615511, 8.790582, 2.689998, 0.962591
-1.665893, 8.814286, 2.716922, 0.946577
-1.699794, 8.828939, 2.737108, 0.820894
-1.749051, 8.849157, 2.774972, 0.941978
-1.796451, 8.866676, 2.797472, 0.982770
-1.831753, 8.878675, 2.817322, 0.793828
-1.881530, 8.894400, 2.852348, 0.799809
-1.917651, 8.905507, 2.882574, 0.735228
-1.950700, 8.914615, 2.909113, 0.717817
-1.975158, 8.921212, 2.928960, 0.608347
-2.006629, 8.929194, 2.959104, 0.809621
-2.068722, 8.939015, 3.005406, 1.004199
-2.106618, 8.943927, 3.028522, 1.003621
-2.146952, 8.948408, 3.044548, 0.953971
-2.197679, 8.952810, 3.050008, 0.968140
-2.250213, 8.957351, 3.054484, 0.989382
-2.296674, 8.961056, 3.066696, 0.992667
-2.357002, 8.965012, 3.088749, 0.986546
-2.403209, 8.967402, 3.092980, 0.961668
-2.448900, 8.969585, 3.094175, 0.998132
-2.503745, 8.972170, 3.094818, 0.998413
-2.557400, 8.974364, 3.095564, 0.998895
-2.593481, 8.975769, 3.096636, 0.835671
-2.632361, 8.977350, 3.097435, 0.903608
-2.682183, 8.979488, 3.102175, 0.972200
-2.742897, 8.981749, 3.107108, 0.989010
-2.786706, 8.983134, 3.109933, 0.971757
-2.823465, 8.984179, 3.109813, 0.872309
-2.846802, 8.984988, 3.112989, 0.966987
-2.921448, 8.986900, 3.116728, 0.893118
-2.964234, 8.987655, 3.117587, 0.865108
-3.004692, 8.988613, 3.119609, 0.971227
-3.067478, 8.989596, 3.123853, 0.997331
-3.114018, 8.990418, 3.127080, 1.007644
-3.163013, 8.991105, 3.130359, 0.982637
-3.209431, 8.991247, 3.131896, 0.883487
-3.251240, 8.991585, 3.136317, 0.998063
-3.301185, 8.991580, 3.140671, 0.998083
-3.344047, 8.991523, -3.137954, 0.989347
-3.395362, 8.990980, -3.135084, 0.989481
-3.425847, 8.990503, -3.133379, 0.911382
-3.485539, 8.989774, -3.126972, 0.987677
-3.543540, 8.988671, -3.120610, 0.992894
-3.578845, 8.987826, -3.118218, 0.967409
-3.633437, 8.986327, -3.114045, 0.952482
-3.685610, 8.984533, -3.108911, 0.994908
-3.728001, 8.983046, -3.102720, 0.972875
-3.728001, 8.983046, -3.102720, 0.972875
-3.879250, 8.974928, -3.089324, 0.969524
-3.922511, 8.972525, -3.090263, 0.994945
-3.977404, 8.969671, -3.089401, 0.999756
-4.022299, 8.967800, -3.088963, 0.810357
-4.064961, 8.965045, -3.082250, 0.898618
-4.099583, 8.962550, -3.080967, 0.805952
-4.143402, 8.959148, -3.075971, 0.830980
-4.172588, 8.956477, -3.070268, 0.957135
-4.231937, 8.951797, -3.058501, 1.003110
-4.276706, 8.947829, -3.050915, 0.973021
-4.341061, 8.941419, -3.038972, 0.983904
-4.389422, 8.936118, -3.026310, 0.991236
-4.434734, 8.930678, -3.014029, 0.949974
-4.472750, 8.924740, -3.005335, 0.991421
-4.516033, 8.918462, -2.993636, 0.977316
-4.575518, 8.909169, -2.979593, 0.844333
-4.617748, 8.902362, -2.966187, 0.735855
-4.645421, 8.895785, -2.954229, 0.862777
-4.697748, 8.884506, -2.923682, 0.957479
-4.749908, 8.871238, -2.882432, 0.969187
-4.793939, 8.858048, -2.851238, 0.975279
-4.834787, 8.844993, -2.816827, 0.892269
-4.875370, 8.830527, -2.798755, 0.955174
-4.909306, 8.817758, -2.782741, 0.960250
-4.962386, 8.797396, -2.767105, 0.993902
-5.010101, 8.779302, -2.770635, 0.983225
-5.040486, 8.767986, -2.783874, 0.949174
-5.098857, 8.747591, -2.822813, 0.950410
-5.139685, 8.734579, -2.858412, 0.902032
-5.168259, 8.726528, -2.881385, 0.908046
-5.227450, 8.712555, -2.929080, 0.876434
-5.269776, 8.703752, -2.963929, 0.857255
-5.308803, 8.697394, -2.990459, 0.728523
-5.341920, 8.692060, -3.020114, 0.908620
-5.389784, 8.687187, -3.061649, 0.921307
-5.422944, 8.685061, -3.091891, 0.872472
-5.486363, 8.683255, -3.139775, 0.873550
-5.521807, 8.683661, 3.106497, 0.872800
-5.574926, 8.686806, 3.059601, 0.875417
-5.603386, 8.689048, 3.034905, 0.715871
-5.643844, 8.693735, 2.997484, 0.670445
-5.667812, 8.697634, 2.969518, 0.785495
-5.705594, 8.703535, 2.949812, 0.475552
-5.736223, 8.710244, 2.921753, 0.700043
-5.768885, 8.718268, 2.881478, 0.738096
-5.812160, 8.731786, 2.830360, 0.860197
-5.847796, 8.743989, 2.792433, 0.868816
-5.894018, 8.762861, 2.757187, 0.969730
-5.945578, 8.785355, 2.721106, 0.965300
-5.986775, 8.804405, 2.696444, 0.958250
-6.025841, 8.823258, 2.679363, 0.777847
-6.066061, 8.843967, 2.662301, 0.988210
-6.107306, 8.865459, 2.657313, 0.832706
-6.140382, 8.883027, 2.653965, 0.943963
-6.150752, 8.888506, 2.653857, 0.990868
-6.266555, 8.949040, 2.670756, 0.987986
-6.316204, 8.973675, 2.687687, 0.988393
-6.362768, 8.995582, 2.712068, 0.957620
-6.407193, 9.015123, 2.731661, 0.961974
-6.432317, 9.026045, 2.748583, 0.937879
-6.491400, 9.049086, 2.787909, 0.952618
-6.540590, 9.066327, 2.813492, 1.004661
-6.566634, 9.075141, 2.828314, 0.989278
-6.605404, 9.087150, 2.857499, 0.926356
-6.659259, 9.102008, 2.882570, 0.879148
-6.724510, 9.118233, 2.907764, 0.999982
-6.759566, 9.126541, 2.913235, 0.997565
-6.822003, 9.140917, 2.918776, 1.001236
-6.863680, 9.150115, 2.924442, 0.915834
-6.914314, 9.160838, 2.935139, 0.997653
-6.961047, 9.169941, 2.954879, 0.970717
-7.010480, 9.178394, 2.986622, 0.946432
-7.043260, 9.183005, 3.012169, 0.948332
-7.104097, 9.189873, 3.055983, 0.940797
-7.136984, 9.192119, 3.073183, 0.688156
-7.167708, 9.194789, 3.096829, 0.708208
-7.208852, 9.196353, 3.136427, 0.757913
-7.256436, 9.196240, -3.110330, 0.906447
-7.301360, 9.193903, -3.075525, 0.943143
-7.346000, 9.190061, -3.052229, 0.963920
-7.386793, 9.186126, -3.038678, 0.986914
-7.439633, 9.181156, -3.040092, 0.814538
-7.470792, 9.177832, -3.042475, 0.756592
-7.496228, 9.174622, -3.044473, 0.831634
-7.552747, 9.169752, -3.042639, 0.773367
-7.581454, 9.167839, -3.041303, 0.684250
-7.631379, 9.163187, -3.039254, 0.719894
-7.665876, 9.159642, -3.032612, 0.822826
-7.709322, 9.155108, -3.044010, 0.962738
-7.757825, 9.150722, -3.062541, 0.977625
-7.791431, 9.147904, -3.065659, 0.925125
-7.811982, 9.146354, -3.067010, 0.987482
-7.870612, 9.141855, -3.069356, 0.803012
-7.922870, 9.138052, -3.068420, 0.700487
-7.970126, 9.133848, -3.064006, 0.921189
-8.000037, 9.131144, -3.067103, 0.817247
-8.049035, 9.127135, -3.062946, 0.896881
-8.095938, 9.123101, -3.062569, 0.938666
-8.130460, 9.120225, -3.057556, 1.011763
-8.196927, 9.114332, -3.050623, 0.996418
-8.212831, 9.112868, -3.048936, 0.999217
-8.293541, 9.105505, -3.045608, 0.835209
-8.342730, 9.101054, -3.045640, 0.778232
-8.342730, 9.101054, -3.045640, 0.778232
-8.358660, 9.099484, -3.042623, 0.775194
-8.460091, 9.090584, -3.020081, 0.956697
-8.503911, 9.084916, -3.011952, 0.997364
-8.540990, 9.080796, -3.008429, 0.751391
-8.581657, 9.075458, -3.003856, 0.875933
-8.630178, 9.068649, -3.017896, 0.877049
-8.660935, 9.064773, -3.025993, 0.927957
-8.682785, 9.062560, -3.032133, 0.810254
-8.751381, 9.055256, -3.051709, 0.971853
-8.819399, 9.049638, -3.068139, 0.993207
-8.841791, 9.048013, -3.070583, 0.978173
-8.905049, 9.043868, -3.079996, 0.817208
-8.962871, 9.040140, -3.090924, 0.985292
-8.993381, 9.038775, -3.095236, 0.817061
-9.033619, 9.036988, -3.104595, 0.878062
-9.079650, 9.035336, -3.111518, 0.777258
-9.115928, 9.034263, -3.120200, 0.762871
-9.168356, 9.033140, -3.134757, 0.877150
-9.209263, 9.032995, 3.137666, 0.945597
-9.260797, 9.033244, 3.137436, 0.913723
-9.309790, 9.033270, 3.138003, 0.951112
-9.349600, 9.033405, 3.138238, 0.915701
-9.409183, 9.033580, 3.139181, 0.999307
-9.451837, 9.033385, 3.137863, 0.987005
-9.487448, 9.033508, 3.138651, 0.999170
-9.546132, 9.033662, 3.139541, 1.002365
-9.582758, 9.033702, 3.139556, 0.876577
-9.645074, 9.033664, 3.141097, 0.997940
-9.679794, 9.033524, 3.141444, 0.874754
-9.743036, 9.033244, -3.137059, 0.999870
-9.786018, 9.032841, -3.129066, 1.006130
-9.829536, 9.032323, -3.121950, 0.848618
-9.873414, 9.031036, -3.103495, 0.860298
-9.926834, 9.027217, -3.065865, 0.970667
-9.957293, 9.023998, -3.045047, 0.972236
-10.016562, 9.015867, -3.008197, 0.949899
-10.051145, 9.010724, -2.989956, 0.812055
-10.097123, 9.003142, -2.964420, 0.905625
-10.138399, 8.994877, -2.930410, 0.949348
-10.180459, 8.985799, -2.902286, 0.797391
-10.224279, 8.974315, -2.865675, 0.911914
-10.277847, 8.957479, -2.820362, 0.952672
-10.304543, 8.948301, -2.800205, 0.909235
-10.367504, 8.922770, -2.756565, 0.982413
-10.402180, 8.908607, -2.732181, 0.825006
-10.435575, 8.894208, -2.704177, 0.740747
-10.472304, 8.876837, -2.669367, 0.779430
-10.510472, 8.857023, -2.633812, 0.732851
-10.539602, 8.840429, -2.606749, 0.915949
-10.541947, 8.839014, -2.604444, 0.916297
-10.580803, 8.814747, -2.564480, 0.936533
-10.658898, 8.758741, -2.472706, 0.878448
-10.688096, 8.734830, -2.436141, 0.931184
-10.734737, 8.692744, -2.373500, 0.926101
-10.766000, 8.660453, -2.334884, 0.958973
-10.791757, 8.631747, -2.303698, 0.816867
-10.823423, 8.595422, -2.262482, 0.869522
-10.834373, 8.582303, -2.245742, 0.766199
-10.867972, 8.538538, -2.197974, 0.850949
-10.895034, 8.499820, -2.161179, 0.734385
-10.919205, 8.462296, -2.114186, 0.704481
-10.933669, 8.437949, -2.091064, 0.836994
-10.953076, 8.402986, -2.062714, 0.949858
-10.973987, 8.362770, -2.036457, 0.901756
-10.998065, 8.312901, -2.007391, 0.953680
-11.023287, 8.256829, -1.979175, 0.960375
-11.038214, 8.221879, -1.957678, 0.941665
-11.056414, 8.175065, -1.932037, 1.000690
-11.071996, 8.132284, -1.909062, 0.971872
-11.089890, 8.078777, -1.878404, 0.915510
-11.102577, 8.037267, -1.850021, 0.969824
-11.112995, 7.999226, -1.833360, 0.936364
-11.124328, 7.955722, -1.816068, 0.952623
-11.138134, 7.896253, -1.788845, 0.880897
-11.145800, 7.860643, -1.768828, 0.903477
-11.153387, 7.818658, -1.752843, 0.838274
-11.159047, 7.787458, -1.735591, 0.752429
-11.168853, 7.738981, -1.704684, 0.885444
-11.175878, 7.689491, -1.690606, 0.990147
-11.182367, 7.635610, -1.691199, 0.995512
-11.188269, 7.588459, -1.693121, 0.985919
-11.193063, 7.549947, -1.693911, 1.000379
-11.197497, 7.511473, -1.692322, 0.796853
-11.203304, 7.462147, -1.692648, 0.902956
-11.209462, 7.414712, -1.702907, 0.967244
-11.216924, 7.360615, -1.706321, 0.995264
-11.222895, 7.316617, -1.706457, 0.996049
-11.229729, 7.264711, -1.704934, 0.952530
-11.236181, 7.217686, -1.706470, 1.006910
-11.240198, 7.188111, -1.706809, 0.982168
-11.247115, 7.131740, -1.704605, 0.959895
-11.252941, 7.087565, -1.705358, 0.988428
-11.257750, 7.052588, -1.705835, 0.917466
-11.263697, 7.001572, -1.699680, 0.735228
-11.267245, 6.967472, -1.703852, 0.889333
-11.271868, 6.920335, -1.701966, 0.820759
-11.276858, 6.881850, -1.704249, 0.901010
-11.282351, 6.841639, -1.704408, 0.981338
-11.291880, 6.775350, -1.717267, 0.976855
-11.297946, 6.737125, -1.728230, 1.007105
-11.307083, 6.683352, -1.749266, 0.954951
-11.317516, 6.628346, -1.762025, 0.965846
-11.324825, 6.589007, -1.768565, 0.907627
-11.333434, 6.546303, -1.786114, 0.934749
-11.342246, 6.505173, -1.802072, 0.919456
-11.352724, 6.462522, -1.813701, 0.959897
-11.361203, 6.427976, -1.821553, 0.748267
-11.377131, 6.366209, -1.832941, 0.957700
-11.387806, 6.327405, -1.844783, 0.987800
-11.400809, 6.282255, -1.858080, 0.984237
-11.416136, 6.231216, -1.871596, 0.977751
-11.429229, 6.189433, -1.884174, 0.886398
-11.443478, 6.145005, -1.903310, 0.943261
-11.460496, 6.095802, -1.918606, 0.985274
-11.472703, 6.061462, -1.926187, 0.923090
-11.489656, 6.015799, -1.928844, 0.748253
-11.505635, 5.973582, -1.941707, 0.960968
-11.522980, 5.929568, -1.953720, 0.833590
-11.539581, 5.889292, -1.969927, 0.951219
-11.556664, 5.849112, -1.980251, 1.011987
-11.575675, 5.805284, -1.978895, 0.984864
-11.591143, 5.769653, -1.980403, 1.000795
-11.610606, 5.724270, -1.985265, 0.822296
-11.631129, 5.676551, -1.984338, 0.966185
-11.655328, 5.621944, -1.987179, 1.011447
-11.672202, 5.583511, -1.986614, 0.974613
-11.693570, 5.534670, -1.979442, 0.985893
-11.708603, 5.499180, -1.976678, 0.990177
-11.732970, 5.442396, -1.974492, 0.997086
-11.748730, 5.404285, -1.962862, 0.853636
-11.761798, 5.372672, -1.963633, 0.967966
-11.782554, 5.321824, -1.963297, 0.979692
-11.804517, 5.268405, -1.958138, 0.999255
-11.818054, 5.235104, -1.956743, 0.999385
-11.832881, 5.198585, -1.957588, 0.924501
-11.850540, 5.154425, -1.952008, 0.885125
-11.870396, 5.104531, -1.946992, 0.890043
-11.890767, 5.050567, -1.939921, 0.927986
-11.905394, 5.012651, -1.937818, 0.984221
-11.920724, 4.972652, -1.935207, 0.997793
-11.937393, 4.928759, -1.932499, 1.001938
-11.957106, 4.874328, -1.923954, 0.752618
-11.970983, 4.836103, -1.913463, 0.822420
-11.986468, 4.793198, -1.911911, 0.989857
-12.000403, 4.752279, -1.901707, 0.735182
-12.014288, 4.712209, -1.892717, 0.882535
-12.027347, 4.673092, -1.885306, 0.840184
-12.036401, 4.647062, -1.879635, 0.812266
-12.057081, 4.579953, -1.865971, 0.872692
-12.064763, 4.553620, -1.861704, 0.787336
-12.064763, 4.553620, -1.861704, 0.787336
-12.095001, 4.449930, -1.859642, 0.931889
-12.104369, 4.416463, -1.854293, 0.976083
-12.116767, 4.373605, -1.849486, 0.993379
-12.127694, 4.331856, -1.844053, 0.691665
-12.137173, 4.296389, -1.837051, 0.736489
-12.149426, 4.250511, -1.834124, 0.895210
-12.157929, 4.218555, -1.831438, 0.958730
-12.172052, 4.162775, -1.824098, 0.875936
-12.181330, 4.126076, -1.816376, 0.919412
-12.194868, 4.070374, -1.807457, 1.000757
-12.207005, 4.018324, -1.792621, 0.964403
-12.214387, 3.985126, -1.781854, 0.875072
-12.207088, 3.958156, -1.809709, 0.355468
-12.197946, 3.941233, -1.857646, 0.351898
-12.192737, 3.924964, -1.910773, 0.443269
-12.196479, 3.910311, -1.968976, 0.423470
-12.188554, 3.925563, -1.961625, 0.151095
-12.194148, 3.933163, -1.935522, 0.409788
-12.191634, 3.938077, -1.947695, 0.101161
-12.191941, 3.941548, -1.946776, 0.103475
-12.191484, 3.941809, -1.948187, 0.042247
-12.190326, 3.942167, -1.950071, 0.036004
-12.190603, 3.941498, -1.950334, 0.017149
-12.190855, 3.941931, -1.948922, 0.077038
-12.189593, 3.941220, -1.952224, 0.019635
-12.189232, 3.940314, -1.954313, 0.026703
-12.188350, 3.939698, -1.956870, 0.017346
-12.187597, 3.939460, -1.959080, 0.016785
-12.188787, 3.939862, -1.955625, 0.021269
-12.188989, 3.940029, -1.955015, 0.006187
-12.188740, 3.939846, -1.955765, 0.005985
-12.188833, 3.939872, -1.955512, 0.001426
-12.188634, 3.940009, -1.956063, 0.008112
-12.188767, 3.940044, -1.954872, 0.000137
-12.188779, 3.940051, -1.954861, 0.059359
-12.188727, 3.940036, -1.955289, 0.000299
-12.188739, 3.940036, -1.955383, 0.000376
-12.188153, 3.941548, -1.953867, 0.145325
-12.183554, 3.954279, -1.938007, 0.397318
-12.176173, 3.975748, -1.919442, 0.569871
-12.167087, 4.001020, -1.910785, 0.773610
-12.151748, 4.046439, -1.914565, 0.631085
-12.144429, 4.071128, -1.931722, 0.362036
-12.142888, 4.082169, -1.937353, 0.107491
-12.149793, 4.074944, -1.956395, 0.363086
-12.163286, 4.048010, -1.945667, 0.693096
-12.178522, 4.013559, -1.914559, 0.798682
-12.192176, 3.976898, -1.879724, 0.799949
-12.193301, 3.950205, -1.895188, 0.583086
-12.184963, 3.933688, -1.961149, 0.576514
-12.173740, 3.924729, -2.006139, 0.312349
-12.172793, 3.925417, -2.000852, 0.109602
-12.172793, 3.925417, -2.000852, 0.109602
-12.166872, 3.923773, -2.019634, 0.046103
-12.161158, 3.932546, -2.011055, 0.473367
-12.149164, 3.956383, -1.983480, 0.651812
-12.142171, 3.973050, -1.968835, 0.715028
-12.123250, 4.021093, -1.937105, 0.908074
-12.102269, 4.077998, -1.907711, 0.907446
-12.093201, 4.102483, -1.894232, 0.948430
-12.076485, 4.164306, -1.849388, 0.586140
-12.075735, 4.182101, -1.851087, 0.248602
-12.084000, 4.182098, -1.850566, 0.289776
-12.094410, 4.160125, -1.843751, 0.503506
-12.103878, 4.133422, -1.834545, 0.696765
-12.115768, 4.096923, -1.808985, 0.845722
-12.124415, 4.060599, -1.791856, 0.693805
-12.124744, 4.059237, -1.791217, 0.721988
-12.138777, 3.996631, -1.761316, 0.737445
-12.144003, 3.970688, -1.747627, 0.782460
-12.153609, 3.922410, -1.715499, 0.896107
-12.159546, 3.877984, -1.692018, 0.902125
-12.164752, 3.824767, -1.657245, 0.884279
-12.166737, 3.794541, -1.640064, 0.830317
-12.169731, 3.741833, -1.602940, 0.817700
-12.170459, 3.709411, -1.576663, 0.915598
-12.170007, 3.652000, -1.551854, 0.951200
-12.168885, 3.609602, -1.539447, 0.937109
-12.166814, 3.568426, -1.520023, 0.970269
-12.163854, 3.513024, -1.503907, 0.774652
-12.160596, 3.472662, -1.490333, 0.751387
-12.158289, 3.442936, -1.473196, 0.872070
-12.154192, 3.395751, -1.458158, 0.820625
-12.150360, 3.359101, -1.446631, 0.700719
-12.146147, 3.325653, -1.435937, 0.693058
-12.139325, 3.278698, -1.411315, 0.828175
-12.135664, 3.258252, -1.401082, 0.854631
-12.127287, 3.210055, -1.385229, 0.902960
-12.120767, 3.177923, -1.372630, 0.860008
-12.112924, 3.130977, -1.370316, 0.618728
-12.105757, 3.096863, -1.345848, 0.788303
-12.096770, 3.053495, -1.328406, 0.798242
-12.089824, 3.027641, -1.318313, 0.793210
-12.075476, 2.975312, -1.299028, 0.892468
-12.063388, 2.934671, -1.280574, 0.987990
-12.043918, 2.873574, -1.256329, 0.989593
-12.032798, 2.840707, -1.244944, 1.022792
-12.015977, 2.791864, -1.234737, 0.882628
-11.996601, 2.737356, -1.223956, 0.995912
-11.982761, 2.698693, -1.223739, 0.990390
-11.967790, 2.656732, -1.231032, 0.997424
-11.950959, 2.607132, -1.248554, 0.965287
-11.937265, 2.564833, -1.261647, 1.000507
-11.924124, 2.522846, -1.272141, 1.002632
-11.916586, 2.498156, -1.281004, 0.944816
-11.914798, 2.491809, -1.283659, 0.938786
-11.879920, 2.363638, -1.326649, 0.940442
-11.872973, 2.333352, -1.341349, 0.862926
-11.862276, 2.284449, -1.367835, 0.869846
-11.855356, 2.244494, -1.385262, 0.591802
-11.847514, 2.205140, -1.406258, 0.714804
-11.842562, 2.178293, -1.421325, 0.708787
-11.837958, 2.150941, -1.437675, 0.758865
-11.831696, 2.107572, -1.453007, 0.703040
-11.826941, 2.064805, -1.455646, 0.783618
-11.822912, 2.024510, -1.463170, 0.748198
-11.819484, 1.987162, -1.464503, 0.807417
-11.813951, 1.941818, -1.468564, 0.896105
-11.809119, 1.900630, -1.469364, 0.983140
-11.804344, 1.853134, -1.467651, 0.969844
-11.799948, 1.801340, -1.462774, 0.980559
-11.796341, 1.760193, -1.466226, 0.860824
-11.791510, 1.714088, -1.465386, 0.834664
-11.787184, 1.675836, -1.464896, 0.900438
-11.781914, 1.625814, -1.460209, 0.874050
-11.776607, 1.575828, -1.458614, 0.834161
-11.772366, 1.542377, -1.453799, 0.943430
-11.766840, 1.497844, -1.447894, 0.907450
-11.760583, 1.450459, -1.437763, 0.982376
-11.754012, 1.401502, -1.425685, 0.905981
-11.747525, 1.359637, -1.414093, 0.835455
-11.741567, 1.320068, -1.411891, 0.639598
-11.736067, 1.286670, -1.397392, 0.706480
-11.734479, 1.277148, -1.391220, 0.764317
-11.734479, 1.277148, -1.391220, 0.764317
-11.734479, 1.277148, -1.391220, 0.764317
-11.730716, 1.254966, -1.377173, 0.838450
-11.699993, 1.114385, -1.313188, 0.942763
-11.677105, 1.034383, -1.274513, 0.832221
-11.663173, 0.990914, -1.246410, 0.824453
-11.644473, 0.939141, -1.214049, 0.881368
-11.626983, 0.896148, -1.186623, 0.988875
-11.608527, 0.854734, -1.157164, 0.981942
-11.592972, 0.821016, -1.130605, 0.920759
-11.567064, 0.770589, -1.092871, 0.941971
-11.549315, 0.736307, -1.067411, 0.677648
-11.532776, 0.707715, -1.049757, 0.839432
-11.509282, 0.670905, -1.017779, 0.822032
-11.487862, 0.638503, -0.976293, 0.825271
-11.458714, 0.599682, -0.921132, 0.784812
-11.436190, 0.570939, -0.876999, 0.661035
-11.425237, 0.557944, -0.858816, 0.805410
-11.384765, 0.513431, -0.797148, 0.921717
-11.349423, 0.480164, -0.758365, 0.966200
-11.349423, 0.480164, -0.758365, 0.966200
-11.349423, 0.480164, -0.758365, 0.966200
-11.252301, 0.398598, -0.625090, 0.760593
-11.214869, 0.372480, -0.581323, 0.917674
-11.175531, 0.347720, -0.544112, 0.965410
-11.132406, 0.323098, -0.509420, 0.957456
-11.097304, 0.304320, -0.484042, 0.986895
-11.050324, 0.281072, -0.450481, 0.948509
-11.003616, 0.259480, -0.423372, 0.986282
-10.960238, 0.240772, -0.396041, 0.930542
-10.950459, 0.236715, -0.391600, 0.983300
-10.874748, 0.206969, -0.353695, 0.985818
-10.833456, 0.192243, -0.331362, 0.948524
-10.747664, 0.163586, -0.277136, 0.981143
-10.746730, 0.163312, -0.276455, 0.973543
-10.692728, 0.148926, -0.239180, 0.639409
-10.665787, 0.140529, -0.210525, 0.721903
-10.635277, 0.132338, -0.186261, 0.573263
-10.589245, 0.120302, -0.145775, 0.874077
-10.541880, 0.113258, -0.114197, 0.930140
-10.504254, 0.109165, -0.089556, 0.808966
-10.468422, 0.106226, -0.063119, 0.921578
-10.419771, 0.103782, -0.035029, 0.853716
-10.385856, 0.102816, -0.013098, 0.742665
-10.335560, 0.102730, 0.017417, 0.943529
-10.285045, 0.104156, 0.044103, 0.971945
-10.229934, 0.106655, 0.052366, 0.991130
-10.185833, 0.108796, 0.052444, 0.928195
-10.138629, 0.111235, 0.051118, 0.926108
-10.099098, 0.112930, 0.052620, 0.925490
-10.038367, 0.115969, 0.053991, 0.995235
-10.005465, 0.117730, 0.054913, 0.963367
-9.946995, 0.121194, 0.062155, 0.975671
-9.904276, 0.123746, 0.063922, 0.928147
-9.849029, 0.127239, 0.065886, 0.996967
-9.813243, 0.129532, 0.067184, 0.997852
-9.774739, 0.131625, 0.067983, 0.832955
-9.720170, 0.134787, 0.072566, 0.917873
-9.666061, 0.137722, 0.078202, 0.986002
-9.634529, 0.139454, 0.082432, 0.985216
-9.563380, 0.143471, 0.091923, 0.983888
-9.524460, 0.146350, 0.091483, 0.977467
-9.484580, 0.149696, 0.089237, 0.821187
-9.432038, 0.154693, 0.093383, 0.993604
-9.389040, 0.158561, 0.090979, 0.853829
-9.360320, 0.161661, 0.091521, 0.851419
-9.310654, 0.166158, 0.092812, 0.910668
-9.250989, 0.171632, 0.096201, 0.974057
-9.204796, 0.176157, 0.100661, 0.993460
-9.150293, 0.181759, 0.104452, 0.994818
-9.122309, 0.184629, 0.103284, 0.939168
-9.097997, 0.187080, 0.104832, 0.994398
-9.031906, 0.194032, 0.107748, 0.940060
-8.965399, 0.201048, 0.102319, 0.740764
-8.928114, 0.204853, 0.100285, 0.672008
-8.900547, 0.207520, 0.104002, 0.722624
-8.858844, 0.211585, 0.106334, 0.611003
-8.823465, 0.215307, 0.119651, 0.765125
-8.790703, 0.217590, 0.129500, 0.694200
-8.763727, 0.219742, 0.129614, 0.520600
-8.731940, 0.224523, 0.126578, 0.590407
-8.701906, 0.229179, 0.135035, 0.784568
-8.660544, 0.234711, 0.142574, 0.772630
-8.629419, 0.238689, 0.150566, 0.812412
-8.589212, 0.243154, 0.163783, 0.944048
-8.538535, 0.249819, 0.175051, 0.921677
-8.492477, 0.257113, 0.173209, 0.774321
-8.446578, 0.265294, 0.177580, 0.958836
-8.390992, 0.275452, 0.183505, 0.994258
-8.357792, 0.280948, 0.182305, 0.902681
-8.301478, 0.291540, 0.186604, 0.976722
-8.285235, 0.294470, 0.183349, 0.940473
-8.227714, 0.304068, 0.164563, 0.771445
-8.169764, 0.313222, 0.139589, 0.948772
-8.128174, 0.318847, 0.124678, 0.993338
-8.080099, 0.324765, 0.120411, 0.925764
-8.031026, 0.330751, 0.121432, 0.997910
-7.992985, 0.335286, 0.121954, 0.994016
-7.942759, 0.341123, 0.111767, 0.968086
-7.879135, 0.347351, 0.085478, 1.015788
-7.842912, 0.350235, 0.062180, 0.997617
-7.785967, 0.352397, 0.022666, 0.977008
-7.745524, 0.352877, -0.005900, 0.919960
-7.689447, 0.351882, -0.032449, 1.002416
-7.628292, 0.349581, -0.044701, 0.985348
-7.601015, 0.348191, -0.052401, 0.952402
-7.557757, 0.346238, -0.051273, 0.684838
-7.521022, 0.343511, -0.061038, 0.875788
-7.468682, 0.339588, -0.066253, 0.846981
-7.459070, 0.338841, -0.068386, 0.902847
-7.399795, 0.334945, -0.073819, 0.779261
-7.361888, 0.332816, -0.077518, 0.517736
-7.328341, 0.330027, -0.086838, 0.647027
-7.317753, 0.329088, -0.091255, 0.648435
-7.264260, 0.322601, -0.099094, 0.897496
-7.207182, 0.316668, -0.111363, 0.980257
-7.158731, 0.311108, -0.119169, 0.969283
-7.122751, 0.307572, -0.121189, 0.725746
-7.086055, 0.302859, -0.127529, 0.911138
-7.041112, 0.297720, -0.132876, 0.787742
-7.004614, 0.293699, -0.143879, 0.884128
-6.941749, 0.284714, -0.154100, 0.964449
-6.891581, 0.276811, -0.168749, 0.928964
-6.858828, 0.271018, -0.178547, 0.956785
-6.802300, 0.260941, -0.180474, 0.860733
-6.768119, 0.254395, -0.192051, 0.970923
-6.726959, 0.246447, -0.200234, 0.897560
-6.696628, 0.242268, -0.194748, 0.588367
-6.696628, 0.242268, -0.194748, 0.588367
-6.637693, 0.231229, -0.206459, 0.724858
-6.609226, 0.225213, -0.214689, 0.826894
-6.547872, 0.211531, -0.219608, 0.996159
-6.498739, 0.200817, -0.215090, 0.861228
-6.465630, 0.193484, -0.213505, 0.822186
-6.410687, 0.181903, -0.214150, 0.766457
-6.386741, 0.176580, -0.214176, 0.792047
-6.328054, 0.163255, -0.224816, 0.990459
-6.285244, 0.153423, -0.226490, 0.987325
-6.237626, 0.142344, -0.230706, 0.986939
-6.180230, 0.128743, -0.234636, 0.974394
-6.135363, 0.118115, -0.232841, 0.997465
-6.086960, 0.106901, -0.224249, 0.998102
-6.052366, 0.098888, -0.219646, 0.973427
-5.986483, 0.084599, -0.208730, 0.996707
-5.946693, 0.076617, -0.197399, 0.938040
-5.909959, 0.069359, -0.190257, 0.974927
-5.877366, 0.062854, -0.181435, 0.987585
-5.806211, 0.050760, -0.158305, 0.861139
-5.755158, 0.042900, -0.146043, 0.973518
-5.702467, 0.035544, -0.133377, 0.998752
-5.660149, 0.030190, -0.121512, 0.986318
-5.607729, 0.024136, -0.108394, 0.997070
-5.570503, 0.020159, -0.097234, 0.835648
-5.521806, 0.015632, -0.080744, 0.772806
-5.483496, 0.012231, -0.068439, 0.861565
-5.440788, 0.009738, -0.051916, 0.891176
-5.393502, 0.007643, -0.036707, 0.989616
-5.336589, 0.005656, -0.031723, 0.999399
-5.296052, 0.004408, -0.029426, 0.999451
-5.255741, 0.003358, -0.026992, 0.918515
-5.202497, 0.002106, -0.024725, 0.774205
-5.154969, 0.000997, -0.021142, 0.676269
-5.128229, 0.000263, -0.017254, 0.806777
-5.074905, -0.000730, -0.013833, 1.007498
-5.029307, -0.001353, -0.011851, 0.988380
-5.029307, -0.001353, -0.011851, 0.988380
-4.929583, -0.002444, -0.009513, 0.951998
-4.899958, -0.002704, -0.008431, 0.879363
-4.833707, -0.003198, -0.006525, 0.993977
-4.809772, -0.003352, -0.006093, 0.988694
-4.751799, -0.003648, -0.005047, 0.945815
-4.707713, -0.003861, -0.003679, 0.944215
-4.652094, -0.004022, -0.002570, 1.018615
-4.596305, -0.004134, -0.001342, 0.978069
-4.555220, -0.004157, -0.000686, 0.858981
-4.507338, -0.004156, 0.001292, 0.995272
-4.454732, -0.004079, 0.002019, 0.999350
-4.414282, -0.003970, 0.003367, 0.997819
-4.386330, -0.003888, 0.003791, 0.963872
-4.336811, -0.003718, 0.004243, 0.948050
-4.265591, -0.003420, 0.004718, 0.892193
-4.219696, -0.003215, 0.005184, 0.923778
-4.175305, -0.002994, 0.005807, 0.998673
-4.128995, -0.002716, 0.006156, 0.988488
-4.075859, -0.002386, 0.006997, 0.798443
-4.050177, -0.002159, 0.007451, 0.928908
-4.002113, -0.001796, 0.008027, 0.844824
-3.937136, -0.001223, 0.008276, 0.974616
-3.887828, -0.000791, 0.009260, 0.999982
-3.861370, -0.000619, 0.009640, 0.900221
-3.818664, -0.000289, 0.009537, 0.922817
-3.761159, 0.000233, 0.010448, 0.920331
-3.712412, 0.000638, 0.010850, 0.820425
-3.658271, 0.001325, 0.011702, 0.939048
-3.620920, 0.001780, 0.011964, 0.994940
-3.570909, 0.002283, 0.012018, 0.892433
-3.514118, 0.002958, 0.012854, 0.998726
-3.466453, 0.003628, 0.013249, 0.999889
-3.428470, 0.003964, 0.013470, 0.908272
-3.395760, 0.004541, 0.014427, 0.984061
-3.323183, 0.005286, 0.005549, 0.995792
-3.282765, 0.005366, -0.002114, 0.703260
-3.254249, 0.005253, -0.008050, 0.799530
-3.192979, 0.003934, -0.032307, 0.954049
-3.152275, 0.002789, -0.045984, 0.882012
-3.103465, -0.000666, -0.078333, 0.949054
-3.062527, -0.005227, -0.113160, 0.901901
-3.018299, -0.011374, -0.153848, 0.918664
-2.954226, -0.023523, -0.217804, 0.753942
-2.927875, -0.029533, -0.228246, 0.712638
-2.901509, -0.035953, -0.253904, 0.690356
-2.856457, -0.048750, -0.298857, 0.905220
-2.809939, -0.064268, -0.347261, 0.891440
-2.780172, -0.075884, -0.376259, 0.929849
-2.740542, -0.092273, -0.412036, 0.891570
-2.683990, -0.118944, -0.453138, 0.962354
-2.652068, -0.135525, -0.471145, 0.973225
-2.605889, -0.160220, -0.495179, 0.965260
-2.563005, -0.183814, -0.512294, 0.884081
-2.520352, -0.208222, -0.526845, 0.984755
-2.493608, -0.223351, -0.526300, 0.991986
-2.449263, -0.248148, -0.508877, 0.979207
-2.404159, -0.271764, -0.477046, 0.997067
